 host_a , host_b , fa_a , fa_b , nms , ne_a , board_a , rack_a , shelf_a , slot_a , port_a , freq_a , ne_b , board_b , rack_b , shelf_b , slot_b , port_b , freq_b 
 ME5-D1-MDC , ME-D1-LGSA ,1/1/1,1/2/1,SBCS,583_RING_1B_MDN_00,TQX,,2,14,3,,580_RING_1B_LGS_00,52TQX,,2,14,2,
 ME5-D1-MDC , ME-D1-LGSA ,7/1/5,3/2/2,SBCS,601_RING_1B_MDN_01,55TQX(STND),,0,5,3,193.1,600_RING_1B_LGS_01,55TQX(STND),,0,5,4,
 ME5-D1-MDC , ME-D1-LGSA ,8/1/1,3/1/1,SBCS,583_RING_1B_MDN_00,TQX,,2,14,4,,580_RING_1B_LGS_00,52TQX,,2,14,4,
 ME5-D1-MDC , ME-D1-LGSA ,9/2/1,4/2/1,SBCS,583_RING_1B_MDN_00,TQX,,3,11,4,,580_RING_1B_LGS_00,52TQX,,2,13,1,
 ME5-D1-MDC , ME-D1-TBTA ,7/2/5,3/2/2,JASUKA,NSN_7500_MDN-06,OCR10TV5,,141,8,1,193.6,NSN_7500_TBT-05,OCR10TV5,,141,9,1,193.6
 ME5-D1-MDC , ME-D1-TBTA ,9/1/4,3/1/2,JASUKA,NSN_7500_MDN-06,OCR10TV5,,141,7,1,193.3,NSN_7500_TBT-05,OCR10TV5,,141,11,1, 193.3 
 ME5-D1-MDC , ME-D1-TBTA ,9/2/2,5/1/2,SBCS,272_SBCS_Ring 1A_MDN_02,V2T210,,0,16,3,,274_SBCS_Ring 1A_TGI_00,V2T210,,0,1,3,
 ME5-D1-MDC , ME2-D1-PUBA ,2/1/1,2/1/1,FO,DIRECT CORE,,,,,,,DIRECT CORE,,,,,,
 ME5-D1-MDC , ME2-D1-PUBA ,6/1/4,8/2/1,FO,DIRECT CORE,,,,,,,DIRECT CORE,,,,,,
 ME5-D1-MDC , ME2-D1-PUBA ,7/2/3,4/1/1,FO,DIRECT CORE,,,,,,,DIRECT CORE,,,,,,
 ME5-D1-MDC , ME2-D1-PUBA ,9/1/2,9/1/1,FO,DIRECT CORE,,,,,,,DIRECT CORE,,,,,,
 ME2-D1-PUBA , ME-D1-KBJA ,1/1/1,2/2/2,SBCS,582_RING_1B_PUBA_00,TQX,,2,11,4,,584_RING_1B_KBJ_00,TQX,,2,14,1,
 ME2-D1-PUBA , ME-D1-KBJA ,6/1/4,3/1/2,SBCS,582_RING_1B_PUBA_00,12TDX,,2,14,2,,584_RING_1B_KBJ_00,TQX,,2,14,3,
 ME2-D1-PUBA , ME-D1-KBJA ,7/1/1,5/1/1,SBCS,582_RING_1B_PUBA_00,52TQX,,2,15,1,,584_RING_1B_KBJ_00,52TQX,,2,11,1,
 ME2-D1-PUBA , ME-D1-KBJA ,9/2/5,2/1/4,SBCS,582_RING_1B_PUBA_00,52TQX,,2,15,2,,584_RING_1B_KBJ_00,52TQX,,2,11,3,
 ME2-D1-PUBA , ME-D1-PMSC ,1/2/2,5/2/2,SBCS,318_SBCS_Ring 1A_PUBA_03,V2T210,,0,14,7,,314_SBCS_Ring 1A_PSR_00,V2T210,,0,1,7,
 ME2-D1-PUBA , ME-D1-PMSC ,7/1/5,4/1/1,SBCS,318_SBCS_Ring 1A_PUBA_03,V2T210,,0,14,4,,314_SBCS_Ring 1A_PSR_00,V2T210,,0,1,4,
 ME2-D1-PUBA , ME-D1-PMSC ,9/1/6,2/1/3,SBCS,318_SBCS_Ring 1A_PUBA_03,V2T210,,0,14,8,,314_SBCS_Ring 1A_PSR_00,V2T210,,0,1,8,
 ME-D1-LGSA , ME-D1-LSMA ,1/2/2,3/1/1,SBCS,580_RING_1B_LGS_00,52TQX,,2,14,1,,578_RING_1B_LSM_00,TQX,,2,14,2,
 ME-D1-LGSA , ME-D1-LSMA ,2/2/1,4/1/1,SBCS,600_RING_1B_LGS_01,55TQX(STND),,0,5,3,,599_RING_1B_LSM_01,55TQX(STND),,0,6,3,
 ME-D1-LGSA , ME-D1-LSMA ,3/2/1,3/2/1,SBCS,600_RING_1B_LGS_01,55TQX(STND),,0,5,2,,599_RING_1B_LSM_01,55TQX(STND),,0,31,2,
 ME-D1-LGSA , ME-D1-LSMA ,4/2/2,5/1/1,SBCS,580_RING_1B_LGS_00,52TQX,,2,13,2,,578_RING_1B_LSM_00,TQX,,2,14,3,
 ME-D1-BNAC , ME-D1-LSMA ,3/1/2,4/1/2,SBCS,575_RING_1B_BNA_00,TQX,,2,14,3,,578_RING_1B_LSM_00,TQX,,2,14,1,
 ME-D1-BNAC , ME-D1-LSMA ,4/2/1,3/1/2,SBCS,596_RING_1B_BNA_01,55TQX(STND),,0,6,2,,599_RING_1B_LSM_01,55TQX(STND),,0,6,2,
 ME-D1-BNAC , ME-D1-LSMA ,5/2/2,3/2/2,SBCS,596_RING_1B_BNA_01,55TQX(STND),,0,6,3,,599_RING_1B_LSM_01,55TQX(STND),,0,31,3,
 ME-D1-BNAC , ME-D1-LSMA ,5/1/4,5/1/2,SBCS,575_RING_1B_BNA_00,TQX,,2,6,2,,578_RING_1B_LSM_00,TQX,,2,14,4,
 ME-D1-BNAC , ME-D1-LTMA ,5/1/1,4/1/2,FO,DIRECT CORE,,,,,,,DIRECT CORE,,,,,,
 ME-D1-BNAC , ME-D1-LTMA ,5/2/1,2/1/1,FO,DIRECT CORE,,,,,,,DIRECT CORE,,,,,,
 ME-D1-BNAC , ME-D1-LTMA ,5/1/5,2/2/1,FO,DIRECT CORE,,,,,,,DIRECT CORE,,,,,,
 ME-D1-BNAC , ME-D1-LTMA ,5/2/4,5/2/1,FO,DIRECT CORE,,,,,,,DIRECT CORE,,,,,,
 ME-D1-MBOA , ME-D1-LTMA ,3/1/2,4/1/1,SBCS,591_Ring 1B_MBO_00,TQX,,2,14,2,,575_RING_1B_BNA_00,TQX,,2,14,4, via BNA 
 ME-D1-MBOA , ME-D1-LTMA ,4/1/2,5/1/1,SBCS,610_RING_1B_MBO_01,55TQX(STND),,0,6,2,,596_RING_1B_BNA_01,55TQX(STND),,1,14,2, via BNA 
 ME-D1-MBOA , ME-D1-LTMA ,4/2/2,2/1/2,SBCS,591_Ring 1B_MBO_00,TQX,,2,12,1,,575_RING_1B_BNA_00,TQX,,2,6,1, via BNA 
 ME-D1-MBOA , ME-D1-LTMA ,2/2/2,2/2/2,SBCS,610_RING_1B_MBO_01,55TQX(STND),,0,14,3,,596_RING_1B_BNA_01,55TQX(STND),,1,31,3, via BNA 
 ME-D1-MBOA , ME-D1-KBJA ,3/1/1,3/1/1,SBCS,591_Ring 1B_MBO_00,TQX,,2,14,1,,584_RING_1B_KBJ_00,TQX,,2,14,2,
 ME-D1-MBOA , ME-D1-KBJA ,4/1/1,2/1/1,SBCS,610_RING_1B_MBO_01,55TQX(STND),,0,6,1,,605_RING_1B_KBJ_01,55TQX(STND),,0,14,2,
 ME-D1-MBOA , ME-D1-KBJA ,4/2/1,5/1/1,SBCS,591_Ring 1B_MBO_00,TQX,,2,12,2,,584_RING_1B_KBJ_00,52TQX,,2,11,2,
 ME-D1-MBOA , ME-D1-KBJA ,2/2/1,2/1/3,SBCS,591_Ring 1B_MBO_00,TQX,,2,14,3,,584_RING_1B_KBJ_00,52TQX,,2,11,4,
 ME-D1-KBJA , ME-D1-PMYA ,4/1/1,2/1/2,FO,DIRECT CORE,,,,,,,DIRECT CORE,,,,,,
 ME-D1-PMSC , ME-D1-PMYA ,5/2/1,2/1/1,FO,DIRECT CORE,,,,,,,DIRECT CORE,,,,,,
ME-D1-TBTA,ME-D1-PMSC,3/2/2, 1/1/1 ,SBCS,275_SBCS_Ring 1A_TGI_01,15LTX,,2,7,1,192.1,313_SBCS_Ring 1A_PSR_01,15LTX,,3,7,1,192.1
 ME-D1-TBTA , ME-D1-PMSC ,5/1/1,2/1/4,SBCS,275_SBCS_Ring 1A_TGI_01,15LTX,,2,7,2,192.1,313_SBCS_Ring 1A_PSR_01,15LTX,,3,7,2, 192.1 
 ME2-D1-BDSA , ME-D1-TPIA ,6/1/1,2/1/2,JASUKA,NSN_7300_BDS,IO1T10G-1/LH,,3,3,,192.6, NSN_7300_BTC ,IO1T10G-1/LH,,3,3,,192.6
,,,,JASUKA,NSN_7300_BTC,IO1T10G-1/LH,,6,10,,194.0,NSN_7300_TPI,IO1T10G-1/LH,,2,4,, 194.0 
 ME2-D1-BDSA , ME-D1-LBJA ,2/1/1,1/1/1,FO,DIRECT CORE,,,,,,,DIRECT CORE,,,,,,
 ME2-D1-BDSA , ME-D1-BDSA ,2/1/2,1/1/1,FO,DIRECT CORE,,,,,,,DIRECT CORE,,,,,,
 ME2-D1-BTC , ME2-D1-BDSA ,2/1/1,1/2/1,FO,DIRECT CORE,,,,,,,DIRECT CORE,,,,,,
 ME2-D1-BTC , ME2-D1-BDSA ,5/1/5,4/1/5,SBCS,254_SBCS3R_STO-BMC_01,11LTX,,1,6,5,192.4,255_SBCS3R_STO-BDS_00,11LTX,,0,8,5,192.4
 ME2-D1-BTC , ME2-D1-BDSA ,10/2/1,7/2/1,JASUKA,NSN_7300_BDS,IO1T10G-1/LH,,5,9,,194.0,NSN_7300_BTC,IO1T10G-1/LH,,6,1,, 194.0 
 ME2-D1-BTC , ME-D1-BTC ,1/1/1,3/2/2,FO,DIRECT CORE,,,,,,,DIRECT CORE,,,,,,
 ME2-D1-BTC , ME-D1-BTC ,1/2/2,1/1/2,FO,DIRECT CORE,,,,,,,DIRECT CORE,,,,,,
 ME2-D1-BTC , ME-D1-BTC ,10/1/3,4/1/1,FO,DIRECT CORE,,,,,,,DIRECT CORE,,,,,,
 ME3-D1-PBRC , ME-D1-BKTA ,2/2/1,3/1/1,JASUKA,JASUKA HIT7500 PBR_07,OCR10TV5,,141,8,,192.9,JASUKA HIT7500 BKT_05,OCR10TV5,,141,11,, 192.9 
 ME3-D1-PBRC , ME-D1-BKTA ,5/1/3,4/1/1,JASUKA,JASUKA HIT7500 PBR_08, OCR10TV5 ,,141,10,,193.6,JASUKA HIT7500 BKT_05, OCR10TV5 ,, 141 , 9 ,, 193.6 
 ME3-D1-PBRC , ME-D1-BKTA ,9/1/1,4/1/2,SBCS,288_SBCS_Ring 1A_PKB_02,V2T210,,0,16,3,,295_SBCS_Ring 1A_BKT_00,V2T210,,0,3,3,
 ME3-D1-PBRC , ME-D1-BKTA ,10/1/1,5/2/2,SBCS,288_SBCS_Ring 1A_PKB_02,V2T210,,0,16,2,,295_SBCS_Ring 1A_BKT_00,V2T210,,0,3,2,
 ME3-D1-PBRC , ME4-D1-PBRC ,3/1/2,2/2/1,FO,DIRECT CORE,,,,,,,DIRECT CORE,,,,,,
 ME3-D1-PBRC , ME-D1-PBRC ,1/1/2,3/1/2,FO,DIRECT CORE,,,,,,,DIRECT CORE,,,,,,
 ME3-D1-PBRC , ME2-D1-PBRC ,1/2/2,3/1/2,FO,DIRECT CORE,,,,,,,DIRECT CORE,,,,,,
 ME3-D1-PBRC , ME-D1-KIJO ,9/1/2,1/2/1,FO,PBR_Coriant,IOT40G,,4,3,2,194.5, KIJO_Coriant ,IOT40G,, 3 , 3 , 2 , 194.5 
 ME2-D1-PDC , ME-D1-BKTA ,1/2/2,5/1/2,JASUKA,JASUKA HIT7500 PD_05,OCR10TV5,,141,9,,193.6,JASUKA HIT7500 BKT_05,OCR10TV5,,141,10,, 193.6 
 ME2-D1-PDC , ME-D1-BKTA ,5/2/2,3/1/2,JASUKA,JASUKA HIT7500 PD_OCU#2, OCR10TV5 ,,141,2,,192.9,JASUKA HIT7500 BKT_05, OCR10TV5 ,, 141 , 12 ,,192.9
 ME2-D1-PDC , ME-D1-BKTA ,1/1/3,5/2/1,SBCS,297_SBSC_RING 1A_PDG_00,V2T210,,0,14,2,192.1,295_SBCS_Ring 1A_BKT_00,V2T210,,0,1,2, 192.1 
 ME2-D1-PDC , ME-D1-KIJO ,4/1/2,2/1/1,JASUKA,PDC_Coriant,IOT40G,,2,1,2,194.5, KIJO_Coriant ,IOT40G,, 1.0 , 14.0 , 2.0 ,194.5
 ME2-D1-DRIA , ME2-D1-PDC ,3/2/2,2/2/2,SBCS,297_SBSC_RING 1A_PDG_00,V2T210,,0,16,3,,307_SBCS_Ring 1A_PSP_00,V2T210,,0,5,3,
,,,,SBCS,224_SBCS_RING1A_PSP_00,11LTX,,0,7,6,,221_SBCS_RING1A_RAP_00,11LTX,,0,7,6,
,,,,JASUKA,NSN_7500_RAP,OCR10TV5,,141,10,,193.6,NSN_7500_DRI_04,OCR10TV5,,141,1,, 193.6 
 ME2-D1-DRIA , ME2-D1-PDC ,6/1/1,1/2/1,SBCS,297_SBSC_RING 1A_PDG_00,V2T210,,0,16,5,192.1,307_SBCS_Ring 1A_PSP_00,V2T210,,0,5,5,
,,,,SBCS,224_SBCS_RING1A_PSP_00,11LTX,,0,7,10,,221_SBCS_RING1A_RAP_00,11LTX,,0,7,10,
,,,,SBCS,279_SBCS_Ring 1A_RAP_01,V2T210,,0,3,10,,283_SBCS_Ring 1A_DRI_02,V2T210,,0,13,10,
 ME2-D1-DRIA , ME2-D1-PDC ,6/1/5,1/1/2,SBCS,297_SBSC_RING 1A_PDG_00,V2T210,,0,16,6,,307_SBCS_Ring 1A_PSP_00,V2T210,,0,5,6,
,,,,SBCS,224_SBCS_RING1A_PSP_00,11LTX,,0,7,4,,221_SBCS_RING1A_RAP_00,11LTX,,0,7,4,
,,,,JASUKA,NSN_7500_RAP_04,OCR10TV5,,141,9,,193.3,NSN_7500_DRI_04,OCR10TV5,,141,1,, 193.3 
 ME2-D1-DRIA , ME3-D1-PBRC ,1/2/1,1/2/1,JASUKA,7300_DURI_1,I04T40G,,3,3,4,192.5,7300_PBR,I04T40G,,6,6,4,192.5
 ME2-D1-DRIA , ME3-D1-PBRC ,6/1/2,8/1/1,SBCS,283_SBCS_Ring 1A_DRI_02,V2T210,,0,12,1,,288_SBCS_Ring 1A_PKB_02,V2T210,,0,11,1,
 ME2-D1-DRIA , ME3-D1-PBRC ,6/2/1,5/1/4,SBCS,283_SBCS_Ring 1A_DRI_02,V2T210,,0,12,9,,288_SBCS_Ring 1A_PKB_02,V2T210,,0,11,9,
 ME2-D1-PGCA , ME-D1-BNKC ,2/2/2,3/2/2,JASUKA,Palembang-1,IO1T10G-1/LH,,1,12,,192.3,Baturaja-1,IO1T10G-1/LH,,4,4,, 192.3 
,,,,JASUKA,Baturaja-1,IO1T10G-1/LH,,2,9,,195.0,TjKarang-1,IO1T10G-1/LH,,2,8,, 195.0 
,,,,JASUKA,BDL-hiT7300-SON-01,IO1T10G-1/LH,,1,3,,193.8,BN-hiT7300-SON-01,IO1T10G-1/LH,,1,6,, 193.8 
 ME2-D1-PGCA , ME-D1-TJKA ,2/2/1,4/2/3,SBCS,244_SBCS_PGC_02,55TQX(STND),,0,6,3,,242_SBCS_BLP_00,55TQX(STND),,0,6,3,
 ME2-D1-PGCA , ME-D1-TJKA ,6/1/1,4/2/4,SBCS,244_SBCS_PGC_02,55TQX(STND),,0,6,1,,242_SBCS_BLP_00,55TQX(STND),,0,6,1,
 ME2-D1-PGCA , ME-D1-TJKA ,1/2/5 ,2/2/3,SBCS,244_SBCS_PGC_02,55TQX(STND),,0,35,3,,242_SBCS_BLP_00,52TQX,,0,25,3,
 ME2-D1-PGCA , ME-D1-TJKA ,1/2/6,4/2/1,SBCS,244_SBCS_PGC_02,55TQX(STND),,0,35,4,,242_SBCS_BLP_00,52TQX,,0,25,4,
 ME2-D1-PGCA , ME-D1-BTRA ,1/1/2,1/1/2,JASUKA,Palembang-1,IO1T10G-1/LH,,3,2,,192.9,Baturaja-1,IO1T10G-1/LH,,6,6,,192.9
 ME2-D1-PGCA , ME-D1-BTRA ,1/2/3,5/2/1,JASUKA,PGC_CORIANT,10T100G,,4,1,9,194.7,BTA_CORIANT,10T100G,,9,1,9, 194.7 
 ME2-D1-PGCA , ME-D1-BTRA ,6/2/2,5/1/1,JASUKA,PGC_CORIANT,10T100G,,4,1,7,194.7, BTA_CORIANT ,10T100G,, 9 , 1 , 7 ,194.7
 ME2-D1-PGCA , ME-D1-BTRA ,7/1/5,2/1/1,JASUKA,Palembang-1,IO1T10G-1/LH,,3,4,,193.8,Baturaja-1,IO1T10G-1/LH,,4,2,, 193.8 
 ME2-D1-PGCA , ME-D1-BTRA ,1/1/6,1/2/1,JASUKA,PGC_CORIANT,10T100G,,4,1,10,194.7, BTA_CORIANT ,10T100G,, 9 , 1 , 10 ,194.7
 ME2-D1-PGCA , ME3-D1-TLKA ,1/1/1,1/1/2,JASUKA,PGC_CORIANT,10T100G,,5,,7,194.7,TLK_CORIANT,10T100G,,9,,7, 194.7 
 ME2-D1-PGCA , ME3-D1-TLKA ,3/2/1,5/1/4,FO, DIRECT CORE ,,,,,,,,,,,,,
 ME2-D1-PGCA , ME3-D1-TLKA ,6/2/1,9/1/1,FO,DIRECT CORE,,,,,,,,,,,,,
 ME2-D1-PGCA , ME3-D1-TLKA ,7/1/4,6/1/3,SBCS,244_SBCS_PGC_02,55TQX(STND),,0,33,4,,245_SBCS_TKP_01,55TQX(STND),,0,31,4,
 ME-D1-TJKA , ME-D1-TJNA ,4/1/4,3/1/1,SBCS,242_SBCS_BLP_00,52TQX,,0,25,1,,241_SBCS_CKA_01,55TQX(STND),,0,22,3,
,,,,JASUKA,NSN_7300_CKA,IO1T10G-1/LH,,,,1,193.3,NSN_7300_JTN,IO1T10G-1/LH,,,,1, 193.3 
,,,,JASUKA,NSN_7300_JTN,IO1T10G-1/LH,,,,1,192.6,NSN_7300_TJP,IO1T10G-1/LH,,,,1, 192.6 
,,,,JASUKA,JASUKA_NEC_TJP,SLTM,,,,,CH 15 (1085),JASUKA_NEC_TJN,SLTM,,,,, CH 15 (1085) 
 ME-D1-KDTA , ME-D1-TJKA ,5/1/4,4/1/2,FO,DIRECT CORE,,,,,,,,,,,,,
 ME-D1-KDTA , ME-D1-TJKA ,5/1/6,2/2/6,FO,DIRECT CORE,,,,,,,,,,,,,
 ME-D1-KDTA , ME-D1-BTRA ,5/2/1,3/2/1,JASUKA, NSN_7300_BTA ,IO1T10G-1/LH,,5,11,,192.9, NSN_7300_BDL ,IO1T10G-1/LH,,2,12,,192.9
 ME-D1-KDTA , ME-D1-BTRA ,5/2/2,5/2/2,JASUKA,NSN_7300_BTA,IO1T10G-1/LH,,2,15,,195.9,NSN_7300_BDL,IO1T10G-1/LH,,2,10,, 195.9 
ME-D1-KDTA,ME2-D1-KOTA,5/2/3, 2/1/1 , JASUKA ,BDL-HIT7300-SON-01,IO1T10G-1/LH,,1,1,,193.7, KTA-HIT7300-SON-01 ,IO1T10G-1/LH,,2,1,,193.7
 ME-D1-LLGA , ME-D1-BTRA ,2/2/2,1/1/1,JASUKA,LUBUKLINGGAU-1,I10T100G,,2,15,,193.8,BATURAJA-1,IO1T10G-1/LH,,2,8,, 193.8 
ME-D1-LLGA,ME-D1-BTRA,4/1/1,5/1/2,JASUKA,LUBUKLINGGAU-1,I10T100G,,7,1,7,196.0, BATURAJA-1 ,I10T100G,,4,1,7,196.0
 ME-D1-LLGA , ME-D1-BTRA ,5/1/1,4/1/1,JASUKA,LUBUKLINGGAU-1,IO1T10G-1/LH,,2,13,,193.9,BATURAJA-1,IO1T10G-1/LH,,2,7,, 193.9 
ME-D1-LLGA,ME-D1-BTRA,5/1/2,1/2/2,JASUKA,LUBUKLINGGAU-1,I10T100G,,7,1,9,196.0, BATURAJA-1 ,I10T100G,,4,1,7,196.0
 ME-D1-LLGA , ME-D1-BNKC ,3/1/2,4/1/2,JASUKA,LUBUKLINGGAU-1,I10T100G,,3,12,,193.8,Bengkulu-1,I10T100G,,1,13,, 193.8 
ME-D1-LLGA,ME-D1-BNKC,4/1/2,5/1/2,JASUKA,LUBUKLINGGAU-1,I04T40G,,5,1,1,193.6,Bengkulu-1,I04T40G,,2,2,1,193.6
 ME-D1-LLGA , ME-D1-BNKC ,4/2/2,5/2/2,JASUKA,LUBUKLINGGAU-1,I04T40G,,5,1,3,193.6,Bengkulu-1,I04T40G,,2,2,3, 193.6 
 ME-D1-LLGA , ME2-D1-MABA ,5/2/2,2/1/3,JASUKA,LUBUKLINGGAU-1,IO1T10G-1/LH,,1,12,,194.4,Muara Bungo-1,IO1T10G-1/LH,,3,12,, 194.4 
 ME-D1-LLGA , ME2-D1-MABA ,1/2/2 ,2/1/1,JASUKA,LUBUKLINGGAU-1,IO1T10G-1/LH,,4,5,,193.9,Muara Bungo-1,IO1T10G-1/LH,,4,4,, 193.9 
 ME-D1-LLGA , ME2-D1-MABA ,2/2/1,2/1/2,JASUKA,LUBUKLINGGAU-1,IO1T10G-1/LH,,4,6,, 193.8 ,Muara Bungo-1,IO1T10G-1/LH,,4,5,, 193.8 
 ME-D1-LLGA , ME2-D1-MABA ,4/2/1,2/1/4,JASUKA,LUBUKLINGGAU-1,I10T100G,,6,1,7,196.0,Muara Bungo-1,I10T100G,,7,1,7, 196.0 
 ME3-D1-TLKA , ME-D1-BNKC_1 ,6/1/5,5/2/1,JASUKA,NSN_SYNERGY_BN,IO4T40G,,1,9,4,194.0,NSN_SYNERGY_PD_BN,IO4T40G,,1,9,4,194.0
,,,,JASUKA,NSN_SYNERGY_PD_PBR,IO4T40G,,2,7,4,193.7,NSN_SYNERGY_PBR_PD,IO4T40G,,1,12,4,193.7
,,,,SBCS,250_SBCS_PKB_01,11LTX,,0,30,5,192.2,226_SBCS_PGC_01,11LTX,,0,2,5,192.2
,,,,FO,PGC-TLK DIRECT CORE,,,,,,,PGC-TLK DIRECT CORE,,,,,,
 ME3-D1-TLKA , ME-D1-BNKC_2 ,2/1/1,3/2/1,JASUKA,T-Kelapa-1,IO1T10G-1/LH,,2,2,,194.0,Baturaja-1,IO1T10G-1/LH,,4,1,, 194.0 
,,,,JASUKA,Baturaja-1,IO1T10G-1/LH,,2,13,,192.9,Bengkulu-1,IO1T10G-1/LH,,2,1,, 192.9 
 ME3-D1-TLKA , ME-D1-JBCA ,5/1/5,3/1/2,JASUKA,T-Kelapa-1,IO1T10G-1/LH,,4,3,,193.7,Jambi-1,IO1T10G-1/LH,,2,13,,193.7
 ME3-D1-TLKA , ME-D1-JBCA ,6/1/1,3/2/1,JASUKA,T-Kelapa-1,IO1T10G-1/LH,,4,6,,193.9,Jambi-1,IO1T10G-1/LH,,2,15,, 193.9 
 ME3-D1-TLKA , ME-D1-JBCA ,10/1/1,4/1/1,JASUKA,T-Kelapa-1,I10T100G,,10,1,7,194.7,Jambi-1,I10T100G,,5,1,7,194.7
 ME3-D1-TLKA , ME-D1-JBCA ,1/2/1,5/2/2,JASUKA,T-Kelapa-1,I10T100G,,10,1,6,194.7,Jambi-1,I10T100G,,5,1,6, 194.7 
 ME3-D1-TLKA , ME-D1-PGPA ,4/1/2,2/1/2,SBCS,192_SBCS_TKP_00,52TQX,,0,29,1,,187_SBCS3R_STO-PKP_00,52TQX,,0,26,1,
 ME3-D1-TLKA , ME-D1-PGPA ,8/2/1,5/2/2,SBCS,192_SBCS_TKP_00,11LTX,,0,12,1,192.3,187_SBCS3R_STO-PKP_00,11LTX,,0,21,1,
 ME-D1-TJKA , ME-D1-PGPA ,5/1/1,2/1/1,JASUKA,NSN_7300_BDL,IO1T10G-1/LH,,3,1,,192.9,NSN_7300_CKA,IO1T10G-1/LH,,6,7,,192.9
,,,,SBCS,181_SBCS3R_ST-CKP_00,11LTX,,0,2,1,192.1,182_SBCS3R_NOC-ANC_00,11LTX,,0,2,1,192.1
,,,,SBCS,210_SBCS_NOC-ANCL_03,96LTX,,0,12,1,192.2,212_SBCS_NOC-TBI_01,96LTX,,0,2,1,192.2
,,,,SBCS,183_SBCS3R_NOC-TBI_00,55TQX,,0,1,1,,187_SBCS3R_STO-PKP_00,52TQX,,0,1,1,
 ME-D1-JBCA , ME2-D1-TLPA ,5/2/1,1/1/3,FO,DIRECT CORE,,,,,,,DIRECT CORE,,,,,,
 ME-D1-JBCA , ME2-D1-TLPA ,1/1/5,4/1/2,FO,DIRECT CORE,,,,,,,DIRECT CORE,,,,,,
 ME2-D1-MABA , ME2-D1-TLPA ,1/1/1,2/1/1,JASUKA,MUARABUNGO-1,I10T100G,,6,1,3,196.0,JAMBI-2,I10T100G,,3,1,3, 196.0 
 ME2-D1-MABA , ME2-D1-TLPA ,1/1/2,2/1/3,JASUKA,MUARABUNGO-1,IO1T10G-1/LH,,2,15,,194.1, JAMBI-2 , IO1T10G-1/LH ,,2,5,,194.1
 ME2-D1-MABA , ME2-D1-TLPA ,1/1/3,2/1/2,JASUKA,MUARABUNGO-1,IO1T10G-1/LH,,2,12,,193.8,JAMBI-2,IO1T10G-1/LH,,1,12,, 193.8 
 ME2-D1-MABA , ME2-D1-TLPA ,1/1/4,2/1/5,JASUKA,MUARABUNGO-1,IO1T10G-1/LH,,2,10,,193.9, JAMBI-2 , IO1T10G-1/LH ,,1,13,,193.9
 ME-D1-TBTA , ME-D1-KISA ,3/1/1,4/1/1,JASUKA,NSN_7500_TBT-05,OCR10TV5,,141,10,1,193.6,NSN_7500_KIS-04_OCU1,OCR10TV5,,141,7,1, 193.6 
ME-D1-TBTA,ME-D1-KISA,4/2/2, 5/1/2 , JASUKA ,NSN_7500_TBT-05,OCR10TV5,,141,7,1,192.9,NSN_7500_KIS-04_OCU2,OCR10TV5,,141,5,1,192.9
 ME-D1-TJKA , ME3-D2-CKA ,4/1/5,2/1/5,JASUKA,BANDARLAMPUNG-1,IO1T10G-1/LH,,1,14,,194.4,CIKUPA-1,IO1T10G-1/LH,,3,8,, 194.4 
,,,,,,,,,,,,,,,,,,
ME-D2-CKG,ME-D2-TAN,5/1/1,4/1/2,RMJ ALU JKT,CKG PSS-32,,,1,12,C1, , DWDM ,TAN PSS-32,,3,16,C1,
ME-D2-CKG,ME-D2-TAN,6/1/5,1/1/1,RMJ ALU JKT,CKG PSS-32,,,1,11,C2, , DWDM PSS32 3/15/C2 ,TAN PSS-32,,3,15,C2,
ME-D2-CKG,ME-D2-TAN,7/1/3,1/1/2,FO,DIRECT CORE,EJA CORE 5-6,,,,,, VIA EJA_Core 5-6 ,,,,, ,
ME-D2-CKG,ME-D2-TAN,7/1/4,2/1/1,RMJ ALU JKT,CKG PSS-32,,,1,13,C2,, DWDM 3/17/C2 ,,, ,,,
ME-D2-CKG,ME-D2-TAN,7/1/5,4/1/4,FO,DIRECT CORE,,,,,,,core,,,,,,
ME-D2-CKG,ME-D2-TAN,7/2/4,5/1/1,FO,DIRECT CORE,EJA CORE 27-28,,,,,, TC CPD_Core 21-22 ,,,,,,
ME-D2-TAN,ME-D2-SRG,2/1/3,4/2/4,RMJ ALU JKT,TAN PSS-36,,,1,3,C1,, WDM:SGPSS36_1/3/C2 ,SRG PSS 36,,1,3,C2,
ME-D2-TAN,ME-D2-SRG,4/2/6,4/1/6,RMJ ALU JKT,TAN PSS-36,,,1,2,C4,, WDM:SGPSS36_1/3/C4 ,SRG PSS 36,,1,3,C4,
ME-D2-TAN,ME-D2-SRG,5/1/5 ,5/1/5,RMJ ALU JKT,TAN PSS-36,,,1,3,C2,, WDM:SGPSS36_1/2/C3 ,SRG PSS 36,,1,2,C3,
ME-D2-SLP,ME-D2-CKG,1/1/5,6/1/3,FO,DIRECT CORE,,,,,,, DARK FO ,,,,,,
ME-D2-SLP,ME-D2-CKG,2/1/2,7/1/1,FO,DIRECT CORE,OSP#6_27-28,,,,,,OSP#6_27-28,,,,,,
ME-D2-SLP,ME-D2-CKG,2/1/3,7/1/2,FO,DIRECT CORE,OSP#6_29-30,,,,,, OSP#6_29-30 ,,,,,,
ME-D2-SLP,ME-D2-CKG,2/2/3,8/1/5,FO,DIRECT CORE,OSP#6_31-32,,,,,,OSP#6_31-32,,,,,,
ME-D2-SLP,ME-D2-CKG,2/2/6,8/1/1,RMJ ALU JKT,SLP PSS-32,,,3,14,C1,, DWDM PSS32_1/11/C1 ,CKG PSS-32,,1,11,C1,
ME-D2-SLP,ME-D2-CKG,3/1/1,1/1/1,FO,DIRECT CORE,OSP#6_69-70_TL 27-28,,,,,, OSP#6_69-70 ,,,,,,
ME-D2-SLP,ME-D2-CKG,3/1/5,7/2/5,FO,DIRECT CORE,OSP#6_25-26,,,,,, OSP#6_25-26 ,,,,,,
ME-D2-SLP,ME-D2-CKG,4/1/2,9/1/5,FO,DIRECT CORE,OSP#6_37-38,,,SLIPI-KEDOYA,,,OSP#6_37-38,,,,,,
,,,,FO,DIRECT CORE,OSP#_33-34,,,KEDOYA-CENGKARENG,,,OSP#_33-34,,,,,,
ME-D2-SLP,ME9-D2-JT,1/1/2,1/2/5,FO,DIRECT CORE,via FO thru KB,,,,,, via FO thru KB ,,,,,,
ME-D2-SLP,ME9-D2-JT,1/1/3,2/2/9,RMJ ALU JKT,SLP PSS-36,,,1,6,1,, via DWDM PSS64 1/3/4 ,JT PSS-64,,1,3,4,
ME-D2-SLP,ME9-D2-JT,2/1/4,3/2/2,RMJ ALU JKT,SLP PSS-36,,,1,6,2,, via DWDM PSS64 1/3/5 ,JT PSS-64,,1,3,5,
ME-D2-SLP,ME9-D2-JT,2/1/5,1/2/8,RMJ ALU JKT,SLP PSS-36,,,1,6,3,, via DWDM PSS641/6/1 ,JT PSS-64,,1,6,1,
ME-D2-SLP,ME9-D2-JT,2/2/5,1/2/9,FO,DIRECT CORE,TC GB,,,,,, TC GB ,,,,,,
ME-D2-SLP,ME9-D2-JT,3/1/2 ,1/2/6,FO,DIRECT CORE,OSP#6_53-54_TC GB_OSP#6_GB_53-54,,,,,, OSP#6_53-54_TC GB_OSP#6_GB_53-54 ,,,,,,
ME-D2-SLP,ME9-D2-JT,3/1/6,3/2/3,FO,DIRECT CORE,,,,,,, fiber ,,,,,,
ME-D2-SLP,ME9-D2-JT,3/2/1,1/2/2,RMJ ALU JKT,SLP PSS-32,,,2,32,C1,,DWDM PSS32 2/15/C1,JK PSS-32,,2,15,C1,
ME-D2-SLP,ME9-D2-SLP,4/1/1,1/1/1,FO,DIRECT CORE,,,,,,, DIRECT CORE ,,,,,,
ME-D2-SLP,ME9-D2-SLP,5/1/1,2/1/1,FO,DIRECT CORE,,,,,,,DIRECT CORE,,,,,,
ME-D2-SLP,ME9-D2-SLP,5/2/1,2/2/1,FO,DIRECT CORE,,,,,,, DIRECT CORE ,,,,,,
ME9-D2-JT,ME3-D2-JT,1/2/3,7/2/5,FO,DIRECT CORE,,,,,,,DIRECT CORE,,,,,,
ME9-D2-JT,ME3-D2-JT,2/2/3,2/1/5,FO,DIRECT CORE,,,,,,, DIRECT CORE ,,,,,,
ME9-D2-JT,ME3-D2-JT,2/2/7,7/2/4,FO,DIRECT CORE,,,,,,,DIRECT CORE,,,,,,
ME9-D2-JT,ME3-D2-JT,2/2/8,9/1/4,FO,DIRECT CORE,,,,,,, DIRECT CORE ,,,,,,
ME9-D2-JT,ME3-D2-JT,3/2/5,9/1/5,FO,DIRECT CORE,,,,,,,DIRECT CORE,,,,,,
ME9-D2-JT,ME3-D2-JT,3/2/6,3/1/2,FO,DIRECT CORE,,,,,,, DIRECT CORE ,,,,,,
ME9-D2-JT,ME3-D2-JT,3/2/7,4/1/1,FO,DIRECT CORE,,,,,,,DIRECT CORE,,,,,,
ME9-D2-JT,ME3-D2-JT,3/2/8,7/1/3,FO,DIRECT CORE,,,,,,, DIRECT CORE ,,,,,,
ME9-D2-JT LINK 2,ME3-D2-JT LINK 2,1/2/4 ,3/1/5,FO,DIRECT CORE,,,,,,,DIRECT CORE,,,,,,
ME9-D2-JT LINK 2,ME3-D2-JT LINK 2,2/2/1 ,2/2/1,FO,DIRECT CORE,,,,,,, DIRECT CORE ,,,,,,
ME9-D2-JT LINK 2,ME3-D2-JT LINK 2,2/2/5 ,1/1/5,FO,DIRECT CORE,,,,,,,DIRECT CORE,,,,,,
ME9-D2-JT LINK 2,ME3-D2-JT LINK 2,2/2/6 ,7/2/3,FO,DIRECT CORE,,,,,,, DIRECT CORE ,,,,,,
ME9-D2-JT LINK 2,ME3-D2-JT LINK 2,3/2/27,1/1/1,FO,DIRECT CORE,,,,,,,DIRECT CORE,,,,,,
ME9-D2-JT LINK 2,ME3-D2-JT LINK 2,3/2/28,1/1/3,FO,DIRECT CORE,,,,,,, DIRECT CORE ,,,,,,
ME9-D2-JT LINK 2,ME3-D2-JT LINK 2,3/2/29,2/1/2,FO,DIRECT CORE,,,,,,,DIRECT CORE,,,,,,
ME9-D2-JT LINK 2,ME3-D2-JT LINK 2,3/2/30,3/1/1,FO,DIRECT CORE,,,,,,, DIRECT CORE ,,,,,,
ME9-D2-JT,ME-D2-CIK,2/1/1,4/1/1,RMJ ALU JKT,JT PSS-32,,,7,7,C1,, via DWDM ,CIK PSS-32,,,,,
ME9-D2-JT,ME-D2-GAN,1/2/7,1/1/1,RMJ ALU JKT,JT PSS-36,,,,6,1,, PSS36 4/1 ,GAN PSS-36,,,4,1,
ME9-D2-JT,ME-D2-GAN,1/2/10,1/1/2,RMJ ALU JKT,JT PSS-36,,,,6,2,, PSS36 4/2 ,GAN PSS-36,,,4,2,
ME9-D2-JT,ME-D2-GAN,1/2/40,4/1/1,RMJ ALU JKT,JT PSS-36,,,,6,3,, PSS36 4/3 ,GAN PSS-36,,,4,3,
ME9-D2-JT,ME-D2-GAN,3/2/31,4/1/2,RMJ ALU JKT,JT PSS-36,,,,6,4,, PSS36 4/4 ,GAN PSS-36,,,4,4,
ME9-D2-JT,ME-D2-GAN,3/2/32,5/1/1,RMJ ALU JKT,JT PSS-36,,,,6,5,, PSS36 3/3 ,GAN PSS-36,,,3,3,
ME9-D2-JT,ME-D2-GAN,3/2/33,5/1/2,RMJ ALU JKT,JT PSS-36,,,,3,3,, PSS36 3/4 ,GAN PSS-36,,,3,4,
ME9-D2-JT,ME-D2-GAN,3/2/34,5/2/2,FO,DIRECT CORE,Tl B01/27: 19/20 core OST15: 89/90,,,,,, TL: mm02: 1/2 Core8 : 3/4 ,,,,,,
ME9-D2-JT,ME-D2-GAN,3/2/35,8/2/1,FO,DIRECT CORE,Tl B01/23: 21/22 core OSP15: 87/88,,,,,, Tlmm2: 3/4 Core osp8: 5/6 ,,,,,,
ME-D2-GAN,ME-D2-CBI,1/1/3,1/1/1,RMJ ALU JKT,BOO PSS-32,,,2,15,C1,, WDM : CBIPSS32 1/12/C1 ,CBI PSS-32,,1,12,C1,
ME-D2-GAN,ME-D2-CBI,1/1/5,1/1/2,RMJ ALU JKT,BOO PSS-32,,,2,15,C2,, WDM : CBIPSS32 1/12/C2 ,CBI PSS-32,,1,12,C2,
ME-D2-GAN,ME-D2-CBI,4/1/3,2/1/2,RMJ ALU JKT,BOO PSS-32,,,2,15,C3,, WDM : CBIPSS32 1/12/C3 ,CBI PSS-32,,1,12,C3,
ME-D2-GAN,ME-D2-CBI,4/1/4,2/1/5,RMJ ALU JKT,BOO PSS-32,,,2,15,C4,, WDM : CBIPSS32 1/12/C4 ,CBI PSS-32,,1,12,C4,
ME-D2-GAN,ME-D2-CBI,5/1/3,3/1/1,RMJ ALU JKT,BOO PSS-32,,,2,14,C3,, WDM : CBIPSS32 1/17/C3 ,CBI PSS-32,,1,17,C3,
ME-D2-GAN,ME-D2-CBI,5/1/4,3/1/2,RMJ ALU JKT,BOO PSS-32,,,2,14,C4,, WDM : CBIPSS32 1/17/C4 ,CBI PSS-32,,1,17,C4,
ME-D2-CBI,ME-D2-BOO,1/1/3,4/1/3,RMJ ALU JKT,CB1 PSS-32,,,2,14,C1,, DWDM PSS32 2/15/C1 ,BOO PSS-32,,2,15,C1,
ME-D2-CBI,ME-D2-BOO,1/1/4,4/2/6,RMJ ALU JKT,CB1 PSS-32,,,2,14,C1,, DWDM PSS32 2/15/C2 ,BOO PSS-32,,2,15,C2,
ME-D2-CBI,ME-D2-BOO,2/1/3,2/1/1,RMJ ALU JKT,CB1 PSS-32,,,2,14,C1,, DWDM PSS32 2/15/C3 ,BOO PSS-32,,2,15,C3,
ME-D2-CBI,ME-D2-BOO,2/1/4,2/1/5,RMJ ALU JKT,CB1 PSS-32,,,2,14,C1,, DWDM PSS32 2/15/C4 ,BOO PSS-32,,2,15,C4,
ME-D2-CBI,ME-D2-BOO,3/1/3,4/1/6,FO,DIRECT CORE,,,,,,, FIBER  ,,,,,,
ME-D2-CBI,ME-D2-BOO,3/1/4,3/1/2,RMJ ALU JKT,CB1 PSS-32,,,1,17,C2,, DWDM PSS32 1/10/C2 ,BOO PSS-32,,1,10,C2,
ME-D2-BOO,ME-D2-DEP,2/1/3,1/1/1,RMJ ALU JKT,BOO PSS-32,,,1,2,C1,, WDM : DEPPSS32_1/4/C1  ,DEP PSS-32,,1,4,C1,
ME-D2-BOO,ME-D2-DEP,2/1/4,1/1/2,RMJ ALU JKT,BOO PSS-32,,,1,2,C2,,WDM : DEPPSS32_1/4/C2,DEP PSS-32,,1,4,C2,
ME-D2-BOO,ME-D2-DEP,3/1/3,2/1/1,RMJ ALU JKT,BOO PSS-32,,,1,2,C4,, WDM : DEPPSS32_1/4/C3 ,DEP PSS-32,,1,4,C3,
ME-D2-BOO,ME-D2-DEP,3/1/4,2/1/2,RMJ ALU JKT,BOO PSS-32,,,1,2,C3,,WDM : DEPPSS32_1/4/C4,DEP PSS-32,,1,4,C4,
ME-D2-BOO,ME-D2-DEP,3/1/5,3/1/1,RMJ ALU JKT,BOO PSS-32,,,1,2,C1,, WDM : DEPPSS36_1/4/C1  ,DEP PSS-64,,1,4,C1,
ME-D2-BOO,ME-D2-DEP,3/1/6,3/1/2,RMJ ALU JKT,BOO PSS-32,,,1,2,C2,,WDM : DEPPSS36_1/4/C12,DEP PSS-64,,1,4,C2,
ME-D2-DEP,ME-D2-KB, 1/1/3,7/1/1,RMJ ALU JKT,DEP PSS-36,,,1,7,C3,, WDM : KBPSS64_1/2/C1  ,KB PSS-64,,1,2,C1,
ME-D2-DEP,ME-D2-KB, 1/1/4,7/1/2,RMJ ALU JKT,DEP PSS-36,,,1,7,C4,,WDM : KBPSS64_1/2/C2,KB PSS-64,,1,2,C2,
ME-D2-DEP,ME-D2-KB, 1/1/5,8/1/4,FO,DIRECT CORE,,,,,,, FIBER  ,,,,,,
ME-D2-DEP,ME-D2-KB, 2/1/3,6/1/1,RMJ ALU JKT,DEP PSS-36,,,1,5,C1,,WDM : KBPSS64_1/2/C3,KB PSS-64,,1,2,C3,
ME-D2-DEP,ME-D2-KB, 2/1/4,6/1/2,RMJ ALU JKT,DEP PSS-36,,,1,7,C4,, WDM : KBPSS64_1/2/C2 ,KB PSS-64,,1,2,C2,
ME-D2-DEP,ME-D2-KB, 2/1/5,8/2/4,FO,DIRECT CORE,,,,,,,FIBER ,,,,,,
ME-D2-DEP,ME-D2-KB, 3/1/3,8/1/1,RMJ ALU JKT,DEP PSS-36,,,1,7,C1,, WDM : KBPSS64_1/3/C1 ,KB PSS-64,,1,3,C1,
ME-D2-DEP,ME-D2-KB, 3/1/4,8/1/2,RMJ ALU JKT,DEP PSS-36,,,1,7,C2,,WDM : KBPSS64_1/3/C2,KB PSS-64,,1,3,C2,
ME-D2-KB,ME9-D2-KB,1/1/2,3/2/3,FO,DIRECT CORE,,,,,,, - ,,,,,,
ME-D2-KB,ME9-D2-KB,5/1/1,4/2/1,FO,DIRECT CORE,,,,,,,-,,,,,,
ME-D2-KB,ME9-D2-KB,5/2/2,4/2/2,FO,DIRECT CORE,,,,,,, - ,,,,,,
ME-D2-KB,ME9-D2-KB,6/1/6,1/1/2,FO,DIRECT CORE,,,,,,,-,,,,,,
ME-D2-KB,ME9-D2-KB,6/2/3,1/2/1,FO,DIRECT CORE,,,,,,, - ,,,,,,
ME-D2-KB,ME9-D2-KB,7/2/5,2/1/2,FO,DIRECT CORE,,,,,,,-,,,,,,
ME-D2-KB,ME9-D2-KB,7/2/6,4/1/1,FO,DIRECT CORE,,,,,,, - ,,,,,,
ME-D2-KB,ME9-D2-KB,8/1/6,3/1/1,FO,DIRECT CORE,,,,,,,-,,,,,,
ME-D2-SRG,ME-D2-CLG,1/1/2,3/1/2,FO,DIRECT CORE,,,,,,,,,,,,,
ME-D2-SRG,ME-D2-CLG,4/1/3,4/1/3,RMJ ALU JKT,SRG PSS-32,,,1,17,C1,, WDM : CLGPSS32.1/12/C1 ,CLG PSS-32,,1,12,C1,
ME-D2-SRG,ME-D2-CLG,5/1/2,5/1/2,RMJ ALU JKT,SRG PSS-32,,,1,17,C2,, WDM : CLGPSS32.1/12/C2 ,CLG PSS-32,,1,12,C2,
ME-D2-SRG,ME-D2-CLG,5/1/3,5/1/3,RMJ ALU JKT,SRG PSS-32,,,1,15,C1,, WDM : CLGPSS32.1/13/C1 ,CLG PSS-32,,1,13,C1,
ME-D2-CLG,ME3-D2-CKA,4/1/1,1/1/2,RMJ ALU JKT,CLG PSS-36,,,1,3,C2,, WDM: CKAPSS64_1/6/C8 ,CKA PSS-64,,1,6,C8,
ME-D2-CLG,ME3-D2-CKA,4/1/6,4/1/5,RMJ ALU JKT,CLG PSS-36,,,1,3,C1,,WDM : CKAPSS 64_1/8/C1,CKA PSS-64,,1,8,C1,
ME-D2-CLG,ME3-D2-CKA,5/1/4,5/1/5,RMJ ALU JKT,CLG PSS-36,,,1,2,C1,, WDM CKAPSS 64_1/1/C1 ,CKA PSS-64,,1,1,C1,
ME-D2-CLG,ME3-D2-CKA,5/1/5,1/1/3,RMJ ALU JKT,CLG PSS-36,,,1,3,C3,,WDM : CKAPSS64_1/8/C3,CKA PSS-64,,1,8,C3,
ME-D2-CLG,ME3-D2-CKA,5/2/4,3/1/5,RMJ ALU JKT,CLG PSS-36,,,1,2,C2,, WDM : CKAPSS 64_1/3/C2 ,CKA PSS-64,,1,3,C2,
ME3-D2-CKA,ME9-D2-CKA,1/1/1,2/2/4,FO,DIRECT CORE,Patchcord antar Metro,,,,,,,,,,,,
ME3-D2-CKA,ME9-D2-CKA,2/1/1,4/2/2,FO,DIRECT CORE,Patchcord antar Metro,,,,,,,,,,,,
ME3-D2-CKA,ME9-D2-CKA,3/1/1,4/2/3,FO,DIRECT CORE,Patchcord antar Metro,,,,,,,,,,,,
ME3-D2-CKA,ME9-D2-CKA,4/1/2,4/2/1,FO,DIRECT CORE,Patchcord antar Metro,,,,,,,,,,,,
ME3-D2-CKA,ME9-D2-CKA,5/1/2,2/2/3,FO,DIRECT CORE,Patchcord antar Metro,,,,,,,,,,,,
ME9-D2-CKA,ME9-D2-JT,1/1/1,1/1/1,RMJ ALU JKT,CKA02 PSS-32,,,1,11,C1,, WDM : JT2.02PSS32_1/10/C1 ,JT2 PSS-32,,1,10,C1,
ME-D2-CIK,ME-D2-SKR,1/1/3,1/1/1,RMJ ALU JKT,CIK PSS-32,,,1,14,C1,,WDM : SKRPSS32_1/15/C1,SKR PSS-32,,1,15,C1,
ME-D2-CIK,ME-D2-SKR,1/1/5,1/1/2,RMJ ALU JKT,CIK PSS-32,,,1,14,C2,, WDM : SKRPSS32_1/15/C2 ,SKR PSS-32,,1,15,C2,
ME-D2-CIK,ME-D2-SKR,1/2/5,3/2/5,RMJ ALU JKT,CIK PSS-32,,,1,14,C6,,WDM : SKRPSS32_1/15/C6,SKR PSS-32,,1,15,C6,
ME-D2-CIK,ME-D2-SKR,2/1/2,2/1/1,RMJ ALU JKT,CIK PSS-32,,,1,14,C3,, WDM : SKRPSS32_1/15/C3 ,SKR PSS-32,,1,15,C3,
ME-D2-CIK,ME-D2-SKR,2/1/3,3/1/1,RMJ ALU JKT,CIK PSS-32,,,1,14,C4,,WDM : SKRPSS32_1/15/C4,SKR PSS-32,,1,15,C4,
ME-D2-CIK,ME-D2-SKR,2/2/4,1/1/3,FO,DIRECT CORE,,,,,,, FIBER ,,,,,,
ME-D2-CIK,ME-D2-SKR,3/2/5,3/1/2,RMJ ALU JKT,CIK PSS-32,,,1,14,C5,,WDM : SKRPSS32_1/15/C5,SKR PSS-32,,1,15,C5,
ME-D2-CKA,ME9-D2-CKA,3/1/5 ,1/2/38,FO,DIRECT CORE,,,,,,,,,,,,,
ME-D2-CKA,ME9-D2-CKA,5/1/2 ,1/2/39,FO,DIRECT CORE,,,,,,,,,,,,,
ME-D2-CKA,ME9-D2-CKA,5/1/4 ,1/2/40,FO,DIRECT CORE,,,,,,,,,,,,,
ME-D2-CKA,ME9-D2-CKA,9/2/3 ,2/2/6 ,FO,DIRECT CORE,,,,,,,,,,,,,
ME-D2-CKA,ME9-D2-CKA,9/2/4 ,2/2/7 ,FO,DIRECT CORE,,,,,,,,,,,,,
ME-D2-CKA,ME9-D2-CKA,10/1/6,2/2/8 ,FO,DIRECT CORE,,,,,,,,,,,,,
ME-D2-CKA,ME9-D2-CKA,10/2/5,2/2/9 ,FO,DIRECT CORE,,,,,,,,,,,,,
ME-D2-CKA,ME9-D2-CKA,10/2/6,2/2/10,FO,DIRECT CORE,,,,,,,,,,,,,
ME9-D2-CKA_LINK 2,ME2-D2-CKA_LINK 2,1/2/5 ,2/1/4,FO,DIRECT CORE,,,,,,, EKS AKSES_ME2-D2-CKA_2/1/4-lag-12_TO_DCN-D2-CKA_xe-0/1/0-ae4_10G_NO1 ,,,,,,
ME9-D2-CKA_LINK 2,ME2-D2-CKA_LINK 2,1/2/6 ,3/1/1,FO,DIRECT CORE,,,,,,,EKS AKSES_ME2-D2-CKA_3/1/1-lag1_TO_DCN-D2-CKA_xe-0/0/1-ae0_10G_NO1,,,,,,
ME9-D2-CKA_LINK 2,ME2-D2-CKA_LINK 2,1/2/7 ,3/1/3,FO,DIRECT CORE,,,,,,, EKS AKSES_ME2-D2-CKA_3/1/3-lag2_TO_DCN-D2-CKA_xe-1/0/1-ae1_10G_NO1 ,,,,,,
ME9-D2-CKA_LINK 2,ME2-D2-CKA_LINK 2,1/2/8 ,3/1/4,FO,DIRECT CORE,,,,,,,,,,,,,
ME9-D2-CKA_LINK 2,ME2-D2-CKA_LINK 2,1/2/9 ,4/1/4,FO,DIRECT CORE,,,,,,,,,,,,,
ME9-D2-CKA_LINK 2,ME2-D2-CKA_LINK 2,1/2/10,5/1/3,FO,DIRECT CORE,,,,,,,EKS AKSES_ME2-D2-CKA_5/1/3-lag-11_TO_DCN-D2-CKA_xe-0/1/0-ae3_10G_NO1,,,,,,
ME-D2-SKR,ME9-D2-BKS, 1/1/6,2/2/6,RMJ ALU JKT,SKR PSS-32,,,1,12,C9,, DWDM PSS32_2/15/C9 ,BKS PSS-32,,2,15,C9,
ME-D2-SKR,ME9-D2-BKS, 1/2/3,2/1/4,RMJ ALU JKT,SKR PSS-32,,,1,12,C1,,DWDM PSS32_2/15/C1,BKS PSS-32,,2,15,C1,
ME-D2-SKR,ME9-D2-BKS, 2/2/2,2/1/3,RMJ ALU JKT,SKR PSS-32,,,1,12,C2,, DWDM PSS32_2/15/C2 ,BKS PSS-32,,2,15,C2,
ME-D2-SKR,ME9-D2-BKS, 2/2/3,3/1/1,RMJ ALU JKT,SKR PSS-32,,,1,12,C3,,DWDM PSS32_2/15/C3,BKS PSS-32,,2,15,C3,
ME-D2-SKR,ME9-D2-BKS, 2/2/5,2/1/2,FO,DIRECT CORE,,,,,,, FIBER  ,,,,,,
ME-D2-SKR,ME9-D2-BKS, 3/1/3,3/1/2,RMJ ALU JKT,SKR PSS-32,,,1,12,C4,,DWDM PSS32_2/15/C4,,,,,,
ME-D2-SKR,ME9-D2-BKS, 3/1/4,3/1/3,RMJ ALU JKT,SKR PSS-32,,,1,12,C5,, DWDM PSS32_2/15/C5 ,,,,,,
ME9-D2-BKS,ME-D2-KT2,2/2/3,4/1/4,RMJ ALU JKT,BKS PSS-32,,,2,12,C3, ,WDM : KT2PSS32_2/11/C3,KT2 PSS-32,,2,11,C3,
ME9-D2-BKS,ME-D2-KT2,2/2/4,1/1/4,RMJ ALU JKT,BKS PSS-32,,,2,12,C1,, WDM : KT2PSS32_2/11/C1 ,KT2 PSS-32,,2,11,C1,
ME9-D2-BKS,ME-D2-KT2,2/2/5,3/1/2,RMJ ALU JKT,BKS PSS-32,,,2,12,C2,,WDM : KT2PSS32_2/11/C2,KT2 PSS-32,,2,11,C2,
ME9-D2-BKS,ME-D2-KT2,3/2/4,5/1/4,RMJ ALU JKT,BKS PSS-32,,,2,12,C4,, WDM : KT2PSS32_2/11/C4 ,KT2 PSS-32,,2,11,C4,
ME9-D2-BKS,ME-D2-KT2,3/2/5,5/2/5,RMJ ALU JKT,BKS PSS-32,,,2,12,C5,,WDM : KT2PSS32_2/11/C5,KT2 PSS-32,,2,11,C5,
ME-D2-KT2,ME-D2-CPP,1/1/1,3/1/2,RMJ ALU JKT,KP2 PSS-32,,,1,17,C1,, WDM :CPPPSS 32_1/16/C1 ,CPP PSS-32,,1,16,C1,
ME-D2-KT2,ME-D2-CPP,1/2/1,3/1/3,FO,DIRECT CORE,via FO AT&T core 2/5,,,,,,,,,,,,
ME-D2-KT2,ME-D2-CPP,3/2/5,5/1/2,FO,DIRECT CORE,"TL Rack 1/1/9,110 FO EJA-98 core 39,40",,,,,,,,,,,,
ME-D2-KT2,ME-D2-CPP,4/2/4,5/1/1,FO,DIRECT CORE,"TL Rack 1/1/7,8 FO PBH-94 core 11,12",,,,,,,,,,,,
ME-D2-KT2,ME-D2-CPP,5/1/5,4/2/2,FO,DIRECT CORE,"TL Rack 1/1/5,6 FO eja core 29-30",,,,,,,,,,,,
ME-D2-KT2,ME-D2-CPP,5/2/1,5/1/6,FO,DIRECT CORE,,,,,,,FIBER ,,,,,,
ME-D2-CPP,ME-D2-GB,1/1/1,1/2/4,FO,DIRECT CORE,FO-EJA:29/30,,,,,, FO-EJA:29/30_TL:41/42 ,,,,,,
ME-D2-CPP,ME-D2-GB,3/1/1,1/1/5,FO,DIRECT CORE,FO:EJA CORE:17/18,,,,,,FO-EJA:17/18_TL:29/30,,,,,,
ME-D2-CPP,ME-D2-GB,3/1/4,2/1/5,FO,DIRECT CORE,FO-JPS:1/2_TL-M5:3/5,,,,,,,,,,,,
ME-D2-CPP,ME-D2-GB,4/1/4,2/1/2,FO,DIRECT CORE,FO-JPS:21/22_TL-M2:5/6,,,,,,FO-JPS:21/22_TL-M2:5/6,,,,,,
ME-D2-CPP,ME-D2-GB,4/1/5,2/1/3,FO,DIRECT CORE,FO-JPS:19/20_TL-M2:15/16,,,,,, FO-JPS:19/20_TL-M2:15/16 ,,,,,,
ME-D2-CPP,ME-D2-GB,5/1/3,3/1/3,FO,DIRECT CORE,FO-EJA:45/46_TL-M2:9/10,,,,,,FO-EJA:45/46_TL-M2:9/10,,,,,,
ME-D2-CPP,ME-D2-GB,5/1/4,3/1/4,FO,DIRECT CORE,FO-EJA:47/48_TL-M2:11/12,,,,,, FO-EJA:47/48_TL-M2:11/12 ,,,,,,
ME-D2-CPP,ME-D2-GB,5/2/3,1/2/5,FO,DIRECT CORE,FO-EJA:31/32,,,,,,FO-EJA:31/32_TL:43/44,,,,,,
ME-D2-KT2,ME9-D2-CKA,10/1/1,1/1/2,RMJ ALU JKT,KP2 PSS-32,,,2,15,C1,, WDM : CKA1PSS32_5/8/C1 ,CKA1 PSS-32,,5,8,C1,
 ME9-D2-BKS ,ME9-D2-CKA,1/1/1,2/1/1,RMJ ALU JKT,BKS PSS-32,,,2,11,C1,,WDM : CKA1PSS32_6/15/C1,CKA1 PSS-32,,6,15,C1,
ME-D2-GB,ME9-D2-JT,4/1/1,1/1/2,RMJ ALU JKT,GB PSS-32,,,3,16,C1,, WDM :JT2PSS32_6/10/C1 ,JT2 PSS-32,,6,10,C1,
 ME-D2-CKA ,ME-D2-SM1,4/1/2 ,3/1/2,FO,DIRECT CORE,,,,,,,FIBER,,,,,,
ME-D2-CKA,ME-D2-SM1,9/2/2 ,1/1/2,RMJ ALU JKT,CKA PSS-32,,,1,3,C3,, WDM : SM1PSS32_3/15/C3 ,SM1 PSS-32,,3,15,C3,
 ME-D2-CKA ,ME-D2-SM1,10/2/2,2/1/2,RMJ ALU JKT,CKA PSS-32,,,1,3,C4,,WDM : SM1PSS32_3/15/C4,SM1 PSS-32,,3,15,C4,
ME-D2-SM1,ME-D2-KRT,1/1/1,1/1/1,RMJ ALU JKT,SM1 PSS-32,,,3,15,C3,, WDM : KRTPSS32_2/15/C1 ,KRT PSS-32,,2,15,C1,
ME-D2-SM1,ME-D2-KRT,2/1/3,2/1/3,RMJ ALU JKT,SM1 PSS-32,,,3,15,C4,,WDM : KRTPSS32_2/15/C2,KRT PSS-32,,2,15,C2,
ME-D2-KRT,ME9-D2-JT,1/1/2,2/2/4,RMJ ALU JKT,KRT PSS-32,,,2,15,C3,, WDM : JT2PSS32_6/6/C1 ,JT2 PSS-32,,6,6,C1,
ME-D2-KRT,ME9-D2-JT,2/1/1,3/2/4,RMJ ALU JKT,KRT PSS-32,,,2,15,C4,,WDM : JT2PSS32_6/6/C2,JT2 PSS-32,,6,6,C2,
ME9-D2-CKA,ME-D2-SLP,4/2/33,3/2/3,FO,DIRECT CORE,,,,,,, FIBER ,,,,,,
ME9-D2-CKA,ME-D2-SLP,4/2/30,5/1/2,RMJ ALU JKT,CKA PSS-64,,,,8,2,,SLP PSS36 4/3,,,,4,3,
ME9-D2-CKA,ME-D2-SLP,4/2/31,5/1/3,RMJ ALU JKT,CKA PSS-32,,,2,15,C1,, WDM : SLPPSS32_1/34/C1 ,SLP PSS-32,,1,34,C1,
ME9-D2-CKA,ME-D2-SLP,4/2/32,5/1/4,RMJ ALU JKT,CKA PSS-32,,,4,34,C1,,WDM : SLPPSS32_2/34/C1,SLP PSS-32,,1,34,C1,
ME9-D2-CKA,ME-D2-SLP,4/2/34,5/2/2,RMJ ALU JKT,CKA PSS-64,,,,6,3,, SLP PSS36 5/4 ,,,,5,4,
ME-D2-KB,ME9-D2-CKA,3/1/1,1/2/1 ,FO,DIRECT CORE,Direct optik: OSP CKA_PLM_SLP_KB,,,,,,Direct optik: OSP CKA_PLM_SLP_KB,,,,,,
ME-D2-KB,ME9-D2-CKA,8/1/3,1/2/2 ,RMJ ALU JKT,KB PSS-64,,,,3,3,, WDM: CKAPSS64_7/1 ,CKA PSS-64,,,7,1,
ME-D2-KB,ME9-D2-CKA,6/1/3,1/2/3 ,RMJ ALU JKT,KB PSS-64,,,,3,4,, WDM: CKAPSS64_9/8 ,CKA PSS-64,,,9,8,
ME-D2-KB,ME9-D2-CKA,8/2/1,4/2/16,FO,DIRECT CORE,,,,,,, WDM: CKA1PSS32 _3/15/C10 ,CKA1 PSS-32,,3,15,C10,
ME-D2-KB,ME9-D2-CKA,6/1/4,4/2/17,RMJ ALU JKT,KB1 PSS-32,,,2,15,C1,, WDM: CKA1PSS32 _3/9/C1 ,CKA1 PSS-32,,3,9,C1 ,
ME-D2-KB,ME9-D2-CKA,6/2/6,4/2/18,RMJ ALU JKT,KB PSS-64,,,,3,4,, WDM: CKAPSS64_7/2 ,CKA PSS-64,,,7,2,
ME-D2-KB,ME9-D2-CKA,7/1/3,4/2/19,RMJ ALU JKT,KB PSS-64,,,,4,2,,WDM: CKAPSS64_3/1,CKA PSS-64,,,3,1,
ME-D2-KB,ME9-D2-CKA,7/1/4,4/2/20,RMJ ALU JKT,KB1 PSS-32,,,2,15,C3,, WDM: CKA1PSS32 _3/9/C3 ,CKA1 PSS-32,,3,9,C3,
,,,,,,,,,,,,,,,,,,
ME3-A-JWB-SNT,ME-D3-LBG,3/1/1,10/1/1,FO,DIRECT CORE,,,,,,,DIRECT CORE,,,,,,
ME3-A-JWB-SNT,ME-A-JWB-SKB,4/2/4,5/2/2,ZTE,SNT M820,,,0,3,18,192.6,SKB M820,,,0,3,20,192.6
ME3-A-JWB-SNT,ME-A-JWB-SKB,8/1/2,4/1/2,ZTE,SNT M820,,,0,3,26,193.2,SKB M820,,,0,3,18,193.2
ME3-A-JWB-SNT,ME-A-JWB-SKB,9/1/2,5/2/1,ZTE,SNT M820,,,0,2,24,193.5,SKB M820,,,0,1,20,193.5
ME3-A-JWB-SNT,ME2-A-JWB-TSM,2/2/6,2/1/1,ZTE,SNT M820,,,0,1,18,195.0,TSM M820,,,0,3,13,195.0
ME3-A-JWB-SNT,ME2-A-JWB-TSM,5/1/2,5/1/1,ZTE,SNT M820,,,0,1,20,195.1,TSM M820,,,0,3,17,195.1
ME3-A-JWB-SNT,ME2-A-JWB-TSM,7/2/2,4/2/1,ZTE,SNT M820,,,0,3,24,195.2,TSM M820,,,0,3,21,195.2
ME-D3-LBG,ME-A-JWB-CBN,4/2/1,2/1/1,ZTE,LBG M920,,,0,15,24#2,195.9,CBN M920,,,0,17,39#2,195.9
ME-D3-LBG,ME-A-JWB-CBN,5/2/2,2/2/2,ZTE,LBG M920,,,0,15,24#4,195.9,CBN M920,,,0,17,39#4,195.9
ME-D3-LBG,ME-A-JWB-CBN,6/1/1,4/2/6,ZTE,LBG M920,,,0,15,24#1,195.9,CBN M920,,,0,17,39#1,195.9
ME-D3-LBG,ME-A-JWB-CBN,8/1/4,1/2/3,ZTE,LBG M920,,,0,15,24#5,195.9,CBN M920,,,0,17,39#5,195.9
ME-D3-LBG,ME-A-JWB-CBN,8/1/5,2/2/5,ZTE,LBG M820,,,0,3,20,195.3,CBN M820,,,0,3,19,195.3
ME2-A-JWB-TSM,ME-A-JWB-CBN,1/2/1,4/1/1,ZTE,TSM M820,,,0,3,24,194.6,CBN M82,,,0,3,24,194.6
ME2-A-JWB-TSM,ME-A-JWB-CBN,2/2/2,2/2/1,ZTE,TSM M920,,,0,1,19,193.0,TSM M920,,,0,7,19,193.0
ME2-A-JWB-TSM,ME-A-JWB-CBN,4/1/1,1/2/1,ZTE,TSM M920,,,0,1,14,192.9,TSM M920,,,0,13,6,192.9
ME-A-JWB-TSM,ME2-A-JWB-TSM,1/1/2,1/1/2,FO,DIRECT CORE,,,,,,,DIRECT CORE,,,,,,
ME-A-JWB-TSM,ME2-A-JWB-TSM,3/2/2,4/2/1,FO,DIRECT CORE,,,,,,,DIRECT CORE,,,,,,
ME-A-JWB-TSM,ME-A-JWB-KAW,5/1/1,1/1/1,FO,TSM : core 15/16,,,,,,,CMS : core 15/16,,,,,,
,,,,FO,CMS : core 7/8,,,,,,,KAW : core 7/8,,,,,,
ME-A-JWB-KAW,ME-A-JWB-KNG,2/1/1,1/1/2,FO,KAW : core 23/1,,,,,,,CKJ : core 23/1,,,,,,
,,,, ,CKJ : core 16/17,,,,,,,KNG : core 16/17,,,,,,
ME-A-JWB-KNG,ME3-A-JWB-CBN,1/1/1,2/2/1,FO,KNG : core 11/12,,,,,,,CLM : core 11/12,,,,,,
,,,, ,CLM : core 5/6,,,,,,,CBN : core 5/6,,,,,,
ME-A-JWB-SKB,ME2-A-JWB-SKB,1/1/2,1/1/1,FO,DIRECT CORE,,,,,,,DIRECT CORE,,,,,,
ME3-A-JWB-CBN,ME2-A-JWB-SKB,9/1/2,1/1/2,ZTE,CBN M820,,,0,3,26,193.3,SKB M820,,,0,3,17,193.3
ME-A-JWB-CBN,ME3-A-JWB-CBN,2/1/2,2/1/2,FO,DIRECT CORE,,,,,,,DIRECT CORE,,,,,,
ME-A-JWB-CBN,ME3-A-JWB-CBN,2/1/6,4/1/1,FO,DIRECT CORE,,,,,,,DIRECT CORE,,,,,,
ME-A-JWB-CBN,ME3-A-JWB-CBN,2/2/3,1/2/1,FO,DIRECT CORE,,,,,,,DIRECT CORE,,,,,,
ME-A-JWB-CBN,ME3-A-JWB-CBN,4/1/2,4/1/2,FO,DIRECT CORE,,,,,,,DIRECT CORE,,,,,,
ME3-A-JWB-CBN,ME2-A-JWB-CBN,1/1/1,3/2/1,FO,DIRECT CORE,,,,,,,DIRECT CORE,,,,,,
ME3-A-JWB-SNT,ME-A-JWB-CJR,7/2/6,5/2/1,"	BD820
",SOTU10G,0,,3,21,192.1,,"	Cianjur new M820",SOTU10G,,0,1,26,192.100
ME3-A-JWB-SNT,ME-A-JWB-CJR,4/2/3,1/1/1,"	BD820
",SOTU10G,0,,1,17,194.4,,"	Cianjur new M820",SOTU10G,,0,2,5,194.400
,,,,,,,,,,,,,,,,,,
ME-D4-GBL,ME-D4-TGL,GE-8/1/0,GE-1/0/0,JVBB ZTE,"	GB820
",SOTU10G,,0,3,19,192.100,"	TG820
",SOTU10G,,0,1,21,192.100
ME-D4-GBL,ME-D4-TGL,GE-15/0/0,GE-6/0/2,JVBB ZTE,"	Gombel9271
",SOTU10G,,0,8,11,193.900,"	TGL9207
",SOTU10G,,0,7,6,193.900
ME-D4-GBL,ME-D4-TGL,GE-3/0/4,GE-6/0/0,JVBB ZTE,"	Gombel9271
",SOTU10G,,0,1,14,192.600,"	TGL9207
",SOTU10G,,0,2,5,192.600
ME2-D4-TGL,ME-D4-PKL,GE-4/2/1,GE-6/0/1,FO,DIRECT CORE,,,,,,,,,,,,,
ME2-D4-TGL,ME-D4-PKL,GE-2/0/0,GE-1/0/0,FO,DIRECT CORE,,,,,,,,,,,,,
ME2-D4-GBL,ME-D4-WLR,GE-6/0/2,GE-3/0/0 ,FO,DIRECT CORE,,,,,,,,,,,,,
ME2-D4-GBL,ME-D4-WLR,GE-3/1/0,GE-2/0/0,FO,DIRECT CORE,,,,,,,,,,,,,
ME2-D4-GBL,ME-D4-DEM,GE-1/0/0,GE-1/0/0,FO,DIRECT CORE,,,,,,,,,,,,,
ME2-D4-GBL,ME-D4-DEM,GE-1/0/5,GE-3/0/0,FO,DIRECT CORE,,,,,,,,,,,,,
ME2-D4-GBL,ME-D4-DEM,GE-6/0/0,GE-3/0/2,FO,DIRECT CORE,,,,,,,,,,,,,
ME-D4-TOR,ME2-D4-GLK,Gi3/0/0,Gi7/0/0,FO,DIRECT CORE,,,,,,,,,,,,,
ME-D4-TOR,ME2-D4-GLK,GE-1/1/0,GE-4/2/2,FO,DIRECT CORE,,,,,,,,,,,,,
ME-D4-GLK,ME-D4-GBL,GE-1/1/4,GE-9/0/2,JVBB ZTE,"	SLO820
",SOTU10G,,0,3,18,193.700,,,,,,,
ME-D4-GLK,ME-D4-GBL,GE-1/1/2,GE-8/0/0,JVBB ZTE,"	SLO820
",SOTU10G,,0,3,19,193.000,"	GB820
",SOTU10G,,0,3,26,193.000
ME-D4-KBU,ME-D4-PWT,GE-1/0/1,GE-6/0/2,JVBB ZTE,"	YK9297
",SOTU10G,,0,5,9,193.000,"	PWT9204
",SOTU10G,,0,17,23,193.000
ME-D4-KBU,ME-D4-PWT,GE-10/0/2,,JVBB ZTE,"	YK9297
",SOTU10G,,0,2,5,193.700,"	PWT9204
",SOTU10G,,0,17,24,193.700
ME-D4-KBU,ME-D4-PWT,GI9/0/1,GI3/0/1,JVBB ZTE,"	YK9297
",SOTU10G,,0,1,19,"193,900","	PWT9204
",SOTU10G,,0,17,6,"193,900"
ME-D4-KBU,ME-D4-MGL,GI6/0/4,GI2/0/0,JVBB ZTE,"	YK820
",SOTU10G,,0,2,13,194.000,"	MGL820
",SOTU10G,,0,1,25,194.000
ME-D4-KBU,ME-D4-MGL,GI10/0/1,GI4/0/4,JVBB ZTE,"	YK820
",SOTU10G,,0,3,24,192.800,"	MGL820
",SOTU10G,,0,1,24,192.800
ME-D4-KBU,ME-D4-MGL,GI4/2/2,GI4/0/0,JVBB ZTE,"	YK820
",SOTU10G,,0,3,22,192.600,"	MGL820
",SOTU10G,,0,1,23,192.600
ME-D4-KBU,ME-D4-GBL,GE-10/0/0,GE-15/0/1,JVBB ZTE,"	YK820
",SOTU10G,,0,1,18,193.400,"	GB820
",SOTU10G,,0,1,20,193.400
ME-D4-KBU,ME-D4-GBL,GE-2/0/1,GE-6/0/2,JVBB ZTE,"	YK820
",SOTU10G,,0,1,17,193.300,"	GB820
",SOTU10G,,0,1,19,193.300
ME2-D4-KBU,ME-D4-KTG,GE-5/1/0,GE-4/0/0,FO,DIRECT CORE,,,,,,,,,,,,,
ME2-D4-KBU,ME-D4-KTG,GE-5/1/1,GE-2/0/0,FO,DIRECT CORE,,,,,,,,,,,,,
ME2-D4-KBU,ME-D4-KTG,GE-6/0/2,GE-4/0/2,FO,DIRECT CORE,,,,,,,,,,,,,
ME2-D4-KBU,ME-D4-PWR,GE-6/0/5,GE-4/0/1,FO,DIRECT CORE,,,,,,,,,,,,,
ME2-D4-KBU,ME-D4-PWR,GE-6/0/4,GE-1/0/0,FO,DIRECT CORE,,,,,,,,,,,,,
ME3-D4-KBU,ME-D4-BBI,GE-3/0/0,GE-4/2/0,FO,DIRECT CORE,,,,,,,,,,,,,
ME3-D4-KBU,ME-D4-BBI,GI4/0/1,GI4/0/1,FO,DIRECT CORE,,,,,,,,,,,,,
ME3-D4-KBU,ME-D4-BBI,GE-6/0/5,,FO,DIRECT CORE,,,,,,,,,,,,,
ME2-D4-PWT,ME-D4-KLP,Gi3/0/1,Gi3/1/1,FO,DIRECT CORE,,,,,,,,,,,,,
ME2-D4-PWT,ME-D4-KLP,GE-6/0/1,GE-2/0/0,FO,DIRECT CORE,,,,,,,,,,,,,
ME-D4-PWT,ME-D4-GBL,GE-1/0/2,GE-15/0/2,JVBB ZTE,"	PWT9204
",SOTU10G,,0,17,3,193.500,"	Gombel9271
",SOTU10G,,0,8,18,193.500
ME-D4-PWT,ME-D4-GBL,GE-3/0/3,GE-6/0/1,JVBB ZTE,"	PWT820-2
",SOTU10G,,0,1,19,192.200,"	GB820
",SOTU10G,,0,3,20,192.200
ME-D4-PWT,ME-D4-BMA,GE-3/0/2,GE-3/0/0,FO,DIRECT CORE,,,,,,,,,,,,,
ME-D4-PWT,ME-D4-BMA,GE-6/0/1,GE-1/0/0,FO,DIRECT CORE,,,,,,,,,,,,,
ME-D4-GLK,ME-D4-KBU,GI1/0/0,GI4/2/3,JVBB ZTE,"	SOLO9214
",OTU10G,,0,9,24,193.200,"	YK9297
",OTU10G,,0,12,20,193.200
ME-D4-GLK,ME-D4-KBU,GE-1/0/3,GE-6/0/0,JVBB ZTE,"	SOLO9214
",SOTU10G,,0,10,20,193.300,"	YK9297
",SOTU10G,,0,2,9,193.300
ME-D4-GLK,ME-D4-KBU,GE-4/0/0 ,GE-5/0/4,,,,,,,,,,,,,,,
ME-D4-GLK,ME-D4-KBU,GI1/1/1,GI6/2/4,,,,,,,,,,,,,,,
ME-D4-GLK,ME-D4-KBU,GI1/1/3,Gi10/0/4,JVBB ZTE,"	SOLO9214
",SOTU10G,,0,10,19,193.000,"	YK9297
",SOTU10G,,0,5,10,193.000
ME-D4-GLK,ME-D4-KBU,GE-1/0/5,GE-8/0/0,JVBB ZTE,"	SLO820
",SOTU10G,,0,3,20,193.100,"	YK820
",SOTU10G,,0,3,26,193.100
ME-D4-GLK,ME-D4-SOBA,GE-1/1/0,GE-2/0/0,FO,DIRECT CORE,,,,,,,,,,,,,
ME-D4-GLK,ME-D4-SOBA,GE-1/1/5,GE-6/0/2,FO,DIRECT CORE,,,,,,,,,,,,,
ME-D4-GLK,ME-D4-SOBA,Gi1/0/4,Gi6/0/3,FO,DIRECT CORE,,,,,,,,,,,,,
ME2-D4-GLK,ME-D4-PLR,GE-4/2/3,GE-1/0/0,FO,DIRECT CORE,,,,,,,,,,,,,
ME2-D4-GBL,ME-D4-CDI,GE-4/0/0,GE-3/0/1,FO,DIRECT CORE,,,,,,,,,,,,,
ME2-D4-GBL,ME-D4-CDI,GE-1/0/3,GE-3/0/2,FO,DIRECT CORE,,,,,,,,,,,,,
ME2-D4-GBL,ME-D4-CDI,GE-1/1/4,GE-3/2/0,FO,DIRECT CORE,,,,,,,,,,,,,
ME2-D4-GBL,ME-D4-CDI,GE-6/0/1,GE-2/0/0,FO,DIRECT CORE,,,,,,,,,,,,,
ME-D4-TUG,ME-D4-UNR,GE-4/0/3 ,GE-4/0/0,FO,DIRECT CORE,,,,,,,,,,,,,
ME-D4-TUG,ME-D4-UNR,GE-4/0/0,GE-3/0/0,FO,DIRECT CORE,,,,,,,,,,,,,
ME-D4-TUG,ME-D4-UNR,GE-6/0/0,GE-2/0/0 ,FO,DIRECT CORE,,,,,,,,,,,,,
ME-D4-UNR,ME-D4-BMK,GE-1/0/4,GE-5/0/2,FO,DIRECT CORE,,,,,,,,,,,,,
ME-D4-UNR,ME-D4-BMK,GI3/1/0,GI5/1/0,FO,DIRECT CORE,,,,,,,,,,,,,
ME-D4-UNR,ME-D4-BMK,GE-1/0/0,GE-2/0/0,FO,DIRECT CORE,,,,,,,,,,,,,
ME-D4-UNR,ME-D4-BMK,GE-1/0/2,GE-5/1/1,FO,DIRECT CORE,,,,,,,,,,,,,
ME-D4-BMK,ME3-D4-GBL,Ge5/0/1,Ge7/0/1,FO,DIRECT CORE,,,,,,,,,,,,,
ME-D4-BMK,ME3-D4-GBL,GE-1/0/0,GE-1/0/1,FO,DIRECT CORE,,,,,,,,,,,,,
ME-D4-BMK,ME3-D4-GBL,GE-5/1/2,GE-1/1/4,FO,DIRECT CORE,,,,,,,,,,,,,
ME-D4-BMK,ME3-D4-GBL,GE-5/1/3,GE-1/0/4,FO,DIRECT CORE,,,,,,,,,,,,,
ME-D4-BMK,ME3-D4-GBL,GE-5/0/0,GE-4/0/2,FO,DIRECT CORE,,,,,,,,,,,,,
ME-D4-GMB,ME2-D4-PWT,GE-2/0/0,GE-6/0/0,FO,DIRECT CORE,,,,,,,,,,,,,
ME-D4-CDI,ME2-D4-MPH,GE-1/0/0,GE-3/0/1,FO,DIRECT CORE,,,,,,,,,,,,,
ME-D4-CDI,ME2-D4-MPH,GE-3/2/2,GE-5/0/2,FO,DIRECT CORE,,,,,,,,,,,,,
ME-D4-CDI,ME2-D4-MPH,GE-3/0/4,GE-5/0/0,FO,DIRECT CORE,,,,,,,,,,,,,
ME-D4-DEM,ME-D4-KDS,GE-3/0/3,GE-7/0/2,FO,DIRECT CORE,,,,,,,,,,,,,
ME-D4-DEM,ME-D4-KDS,GE-3/0/1,GE-7/2/4,FO,DIRECT CORE,,,,,,,,,,,,,
ME-D4-DEM,ME-D4-KDS,GE-2/0/0,GE-1/0/0,FO,DIRECT CORE,,,,,,,,,,,,,
ME-D4-KDS,ME-D4-PWD,GE-1/1/0,GE-1/0/0,FO,DIRECT CORE,,,,,,,,,,,,,
ME-D4-KDS,ME-D4-PWD,GE-7/2/2,GE-6/0/1,FO,DIRECT CORE,,,,,,,,,,,,,
ME-D4-SOBA,ME-D4-KRS,GE-6/0/1,GE-2/0/0,FO,DIRECT CORE,,,,,,,,,,,,,
ME-D4-SOBA,ME-D4-KRS,GE-6/0/4,GE-1/0/4,FO,DIRECT CORE,,,,,,,,,,,,,
ME-D4-SOBA,ME-D4-KRS,GE-3/1/0,GE-1/0/1,FO,DIRECT CORE,,,,,,,,,,,,,
ME-D4-KRS,ME-D4-KRT,GE-1/0/0,GE-2/0/0,FO,DIRECT CORE,,,,,,,,,,,,,
ME-D4-KRS,ME-D4-KRT,GE-1/0/2,GE-3/2/2,FO,DIRECT CORE,,,,,,,,,,,,,
,,,,,,,,,,,,,,,,,,
ME7-D5-KBL,ME7-D5-RKT,GE2/2/0,GE4/2/4,FO,DIRECT CORE,,,,,,,DIRECT CORE,,,,,,
ME7-D5-KBL,ME7-D5-RKT,GE8/0/2  ,GE3/2/0,JVBB ZTE,"	KBL820-118
",SOTU10G,,0,3,16,192.600,"	RKT820
",SOTU10G,,0,3,16,192.600
ME7-D5-KBL,ME7-D5-RKT,GE8/0/3 ,GE3/2/1,JVBB ZTE,"	KBL820-118
",SOTU10G,,0,3,17,192.700,"	RKT820
",SOTU10G,,0,3,17,192.700
ME7-D5-KBL,ME7-D5-RKT,GE8/0/4 ,GE3/2/2,JVBB ZTE,"	KBL820-118
",SOTU10G,,0,3,15,192.500,"	RKT820
",SOTU10G,,0,3,15,192.500
ME6-D5-KBL,ME6-D5-RKT,GE1/0/0 ,GE-2/2/2,FO,DIRECT CORE,,,,,,,DIRECT CORE,,,,,,
ME6-D5-KBL,ME6-D5-RKT,GE2/0/2 ,GE-1/0/3,FO,DIRECT CORE,,,,,,,DIRECT CORE,,,,,,
ME6-D5-KBL,ME6-D5-RKT,GE3/0/0,GE1/2/1,FO,DIRECT CORE,,,,,,,DIRECT CORE,,,,,,
ME5-D5-KBL,ME-D5-ML0,GE12/1/2 ,GE-2/0/0,JVBB ZTE,"	KBL820-118
",SOTU10G,,0,3,24,193.600,"	ML820
",SOTU10G,,0,3,20,193.600
ME5-D5-KBL,ME-D5-ML0,GE12/1/3  ,GE-2/2/2,JVBB ZTE,"	KBL820-118
",SOTU10G,,0,4,17,194.600,"	ML820
",SOTU10G,,0,3,15,194.600
ME5-D5-KBL,ME-D5-ML0,GE16/1/4,GE-1/2/0,JVBB ZTE,"	KBL820-118
",SOTU10G,,0,3,19,194.800,"	ML820
",SOTU10G,,0,1,13,194.800
ME5-D5-KBL,ME-D5-ML0,GE9/0/1,GE1/0/1,JVBB ZTE,"	KBL820-118
",SOTU10G,,0,4,26,"194,700","	ML820
",SOTU10G,,0,1,15,"194,700"
ME5-D5-KBL,ME-D5-ML0,GE1/1/1 ,GE2/0/1,JVBB ZTE,"	KBL820-118
",SOTU10G,,0,4,24,193500,"	ML820
",SOTU10G,,0,3,19,193.5
ME5-D5-KBL,ME3-D5-SIT,GE12/0/5,GE4/0/3,JVBB ZTE,"	KBL9292
",SOTU10G,,0,21,23,194.000,"	STBD9269
",SOTU10G,,0,7,8,194.000
ME5-D5-KBL,ME3-D5-SIT,GE13/1/0,GE4/0/2,JVBB ZTE,"	KBL9292
",SOTU10G,,0,2,24,193.200,"	STBD9269
",SOTU10G,,0,3,14,193.200
ME5-D5-KBL,ME4-D5-MN,GE4/0/1,GE-4/0/2,JVBB ZTE,"	KBL820-118
",SOTU10G,,0,4,18,193.100,"	MN820
",SOTU10G,,0,3,17,193.100
ME5-D5-KBL,ME4-D5-MN,GE9/0/0  ,GE-4/0/0,JVBB ZTE,"	KBL9292
",SOTU10G,,0,1,6,192.800,"	MN9213
",SOTU10G,,0,9,8,192.800
ME5-D5-KBL,ME4-D5-MN,GE12/1/4  ,GE-4/0/3,JVBB ZTE,"	KBL820-118
",SOTU10G,,0,3,18,192.800,"	MN820
",SOTU10G,,0,3,13,192.800
ME4-D5-RKT,ME2-D5-ML0,GE1/1/1 ,GE-1/0/3,JVBB ZTE,"	RKT820
",SOTU10G,,0,3,24,193.800,"	ML820
",SOTU10G,,0,3,22,193.800
ME4-D5-RKT,ME2-D5-ML0,GE10/0/0,GE-1/2/2,JVBB ZTE,"	RKT820
",SOTU10G,,0,1,17,194.500,"	ML820
",SOTU10G,,0,3,16,194.500
ME4-D5-RKT,ME2-D5-ML0,GE12/1/1,GE1/0/1,JVBB ZTE,"	RKT820
",SOTU10G,,0,4,25,194200,"	ML820
",SOTU10G,,0,4,13,194200
ME4-D5-RKT,ME2-D5-ML0,GE12/0/0,GE1/0/2,JVBB ZTE,"	RKT820
",SOTU10G,,0,3,23,"193,700","	ML820
",SOTU10G,,0,3,21,"193,700"
ME4-D5-RKT,ME2-D5-KD,GE2/1/1 ,G3/0/5,JVBB ZTE,"	RKT820
",SOTU10G,,0,3,22,193.300,"	KDR820
",SOTU10G,,0,2,15,193.300
ME4-D5-RKT,ME2-D5-KD,GE10/0/2,GE3/0/4,JVBB ZTE,"	RKT820
",SOTU10G,,0,3,20,193.000,"	KDR820
",SOTU10G,,0,2,14,193.000
ME4-D5-RKT,ME2-D5-KD,GE11/0/2,GE5/0/0,JVBB ZTE,"	RKT820
",SOTU10G,,0,5,19,192.200,"	KDR820
",SOTU10G,,0,2,16,192.200
ME4-D5-RKT,ME2-D5-KD,GE15/0/5 ,GE3/0/3,JVBB ZTE,"	RKT820
",SOTU10G,,0,3,19,192.900,"	KDR820
",SOTU10G,,0,2,13,192.900
ME-D5-MTR,ME-D5-SBW,GE2/2/1,GI3/0/0,MKCS,138_MKCS_MTRM_05,LBFS,,,5,,192.7,114_MKCS_SBWA_01,LBFS,,,4,,192.7
ME-D5-MTR,ME-D5-SBW,GE3/0/1,GI2/0/0,MKCS,111_MKCS_MTRM_03,LBFS,,,6,,192.3,113_MKCS_SBWA_00,LBFS,,,9,,192.3
ME2-D5-MTR,ME-D5-BIM,GE-5/0/2,GE-2/0/0,MKCS,138_MKCS_MTRM_05,LBFS,,,10,,192.7,133_MKCS_BIM_04,LBFS,,,10,,192.7
ME2-D5-MTR,ME-D5-END,GE-4/0/3,GE-1/1/0,MKCS,138_MKCS_MTRM_05,LBFS,,,9,,192.6,133_MKCS_BIM_04,LBFS,,,9,,192.6
,,,,MKCS,92_BIM_01,TQX,,1,4,1,192.5,91_TTE_00,TQX,,1,4,1,192.5
,,,,MKCS,122_MKCS_TTE_00,LBFS,,,13,,192.4,99_MKCS_ENDE_00,LBFS,,,SLOT 13,,192.4
ME5-D5-KBL,ME4-D5-RKT,100GE6/0/0,100GE8/0/0,FO,DIRECT CORE,,,,,,,DIRECT CORE,,,,,,
ME4-D5-RKT,ME2-D5-JR1,GE10/0/1,GE4/1/0,JVBB ZTE,"	RKT820
",SOTU10G,,0,1,18,193.400,"	JR1-820
",SOTU10G,,0,3,20,193.400
ME4-D5-RKT,ME2-D5-JR1,Gi3/1/1,Gi4/0/0,JVBB ZTE,"	RKT820
",SOTU10G,,0,3,21,192.100,"	JR1-820
",SOTU10G,,0,3,19,192.100
ME4-D5-RKT,ME2-D5-PDA,GE8/1/3,GE4/0/3,FO,DIRECT CORE,,,,,,,DIRECT CORE,,,,,,
ME4-D5-RKT,ME2-D5-PDA,GE8/1/4,GE4/0/4,FO,DIRECT CORE,,,,,,,DIRECT CORE,,,,,,
ME4-D5-RKT,ME2-D5-PDA,GE8/1/5,GE4/0/5,FO,DIRECT CORE,,,,,,,DIRECT CORE,,,,,,
ME4-D5-RKT,ME2-D5-PDA,Gi8/1/8, Gi 3/0/3,FO,DIRECT CORE,,,,,,,DIRECT CORE,,,,,,
ME4-D5-RKT,ME2-D5-PDA,Gi8/1/9,Gi 3/0/5,FO,DIRECT CORE,,,,,,,DIRECT CORE,,,,,,
ME4-D5-RKT,ME2-D5-DMO,Gi6/0/3,Gi2/0/0,FO,DIRECT CORE,,,,,,,DIRECT CORE,,,,,,
ME4-D5-RKT,ME2-D5-DMO,Gi6/0/4,Gi2/0/1,FO,DIRECT CORE,,,,,,,DIRECT CORE,,,,,,
ME4-D5-RKT,ME2-D5-DMO,Gi8/1/10, Gi2/0/2,FO,DIRECT CORE,,,,,,,DIRECT CORE,,,,,,
ME4-D5-RKT,ME2-D5-DMO,Gi8/1/11,Gi2/0/4,FO,DIRECT CORE,,,,,,,DIRECT CORE,,,,,,
ME6-D5-RKT,ME-D5-MR,Gi3/1/0,Gi2/0/0,FO,DIRECT CORE,,,,,,,DIRECT CORE,,,,,,
ME6-D5-RKT,ME-D5-MR,Gi5/0/0,Gi7/0/0,FO,DIRECT CORE,,,,,,,DIRECT CORE,,,,,,
ME6-D5-RKT,ME-D5-MR,Gi5/0/1,Gi7/1/0,FO,DIRECT CORE,,,,,,,DIRECT CORE,,,,,,
ME6-D5-RKT,ME2-D5-WR,GE-4/0/3,GE-4/0/0,FO,DIRECT CORE,,,,,,,DIRECT CORE,,,,,,
ME6-D5-RKT,ME2-D5-WR,GE-7/1/0,GE-3/0/3,FO,DIRECT CORE,,,,,,,DIRECT CORE,,,,,,
ME4-D5-RKT,ME2-D5-SDA,Gi2/0/4,Gi4/0/0,FO,DIRECT CORE,,,,,,,DIRECT CORE,,,,,,
ME4-D5-RKT,ME2-D5-SDA,Gi2/0/5,Gi1/2/4,FO,DIRECT CORE,,,,,,,DIRECT CORE,,,,,,
ME4-D5-RKT,ME2-D5-SDA,Gi2/0/6,Gi1/0/3,FO,DIRECT CORE,,,,,,,DIRECT CORE,,,,,,
ME4-D5-RKT,ME2-D5-SDA,Gi8/1/2,Gi1/0/1,FO,DIRECT CORE,,,,,,,DIRECT CORE,,,,,,
ME4-D5-RKT,ME2-D5-SDA,Gi4/1/2,Gi1/0/0,FO,DIRECT CORE,,,,,,,DIRECT CORE,,,,,,
ME3-D5-SIT,ME2-D5-BO,GE-3/0/2,GE-4/0/0,FO,DIRECT CORE,,,,,,,DIRECT CORE,,,,,,
ME3-D5-SIT,ME2-D5-BO,GE2/0/0,GE4/0/1,FO,DIRECT CORE,,,,,,,DIRECT CORE,,,,,,
ME3-D5-SIT,ME-D5-PTN,GE-3/0/0,GE-2/0/0,FO,DIRECT CORE,,,,,,,DIRECT CORE,,,,,,
ME3-D5-SIT,ME-D5-PTN,GE2/0/1,GE4/1/0,FO,DIRECT CORE,,,,,,,DIRECT CORE,,,,,,
ME4-D5-MN,ME2-D5-NW,Gi4/0/5,Gi1/1/0,FO,DIRECT CORE,,,,,,,DIRECT CORE,,,,,,
ME4-D5-MN,ME2-D5-NW,Gi4/0/5,Gi1/0/0,FO,DIRECT CORE,,,,,,,DIRECT CORE,,,,,,
ME-D5-MN,ME-D5-NJ,G2/2/1,GE4/2/0,FO,DIRECT CORE,,,,,,,DIRECT CORE,,,,,,
ME-D5-MN,ME-D5-NJ,G2/2/2,GE4/2/1,FO,DIRECT CORE,,,,,,,DIRECT CORE,,,,,,
ME-D5-MN,ME-D5-NJ,G1/2/4,GE4/2/2,FO,DIRECT CORE,,,,,,,DIRECT CORE,,,,,,
ME-D5-ML0,ME2-D5-KPN,Gi-1/0/2,Gi-3/0/1,FO,DIRECT CORE,,,,,,,DIRECT CORE,,,,,,
ME-D5-ML0,ME2-D5-KPN,GE-1/0/4,GE-3/0/4,FO,DIRECT CORE,,,,,,,DIRECT CORE,,,,,,
ME-D5-ML0,ME2-D5-KPN,GE-1/2/4,GE-2/0/5,FO,DIRECT CORE,,,,,,,DIRECT CORE,,,,,,
ME-D5-ML0,ME2-D5-BLB,Gi1/0/0,Gi3/0/1,FO,DIRECT CORE,,,,,,,DIRECT CORE,,,,,,
ME-D5-ML0,ME2-D5-BLB,GE-1/2/2,GE-4/0/4,FO,DIRECT CORE,,,,,,,DIRECT CORE,,,,,,
ME-D5-ML0,ME2-D5-BLB,Gi2/0/4,Gi4/0/0,FO,DIRECT CORE,,,,,,,DIRECT CORE,,,,,,
ME-D5-PTN,ME2-D5-PB,GE5/1/0,GE1/0/2,FO,DIRECT CORE,,,,,,,DIRECT CORE,,,,,,
ME-D5-PTN,ME2-D5-PB,GE-1/0/0,GE-a/b/c,FO,DIRECT CORE,,,,,,,DIRECT CORE,,,,,,
ME-D5-PTN,ME2-D5-PB,GE4/0/0,GE1/2/1,FO,DIRECT CORE,,,,,,,DIRECT CORE,,,,,,
ME2-D5-PB,ME-D5-PS,Gi1/0/0,Gi3/0/1,FO,DIRECT CORE,,,,,,,DIRECT CORE,,,,,,
ME2-D5-PB,ME-D5-PS,GE1/2/0,GE4/0/0,FO,DIRECT CORE,,,,,,,DIRECT CORE,,,,,,
ME2-D5-PB,ME-D5-PS,GE1/2/3,GE2/0/0,FO,DIRECT CORE,,,,,,,DIRECT CORE,,,,,,
ME2-D5-PDA,ME-D5-PS,Ge-3/0/0,Ge3/0/0,FO,DIRECT CORE,,,,,,,DIRECT CORE,,,,,,
ME2-D5-PDA,ME-D5-PS,GE3/0/1,GE3/0/1,FO,DIRECT CORE,,,,,,,DIRECT CORE,,,,,,
ME2-D5-PDA,ME-D5-PS,GE3/0/4,GE4/0/1,FO,DIRECT CORE,,,,,,,DIRECT CORE,,,,,,
ME2-D5-KD,ME2-D5-NJ,GE-2/0/0,GE-1/0/0,FO,DIRECT CORE,,,,,,,DIRECT CORE,,,,,,
ME2-D5-KD,ME2-D5-NJ,GE-3/0/0,GE-4/0/3,FO,DIRECT CORE,,,,,,,DIRECT CORE,,,,,,
ME2-D5-JG,ME-D5-MR,GE-4/0/0,GE-1/0/1,FO,DIRECT CORE,,,,,,,DIRECT CORE,,,,,,
ME2-D5-JG,ME-D5-MR,GE-4/0/1,GE-1/0/3,FO,DIRECT CORE,,,,,,,DIRECT CORE,,,,,,
ME2-D5-JG,ME-D5-MR,Gi3/0/4,Gi1/0/2,FO,DIRECT CORE,,,,,,,DIRECT CORE,,,,,,
ME2-D5-JG,ME-D5-NJ,Gi3/0/1,Gi4/0/2,FO,DIRECT CORE,,,,,,,DIRECT CORE,,,,,,
ME2-D5-JG,ME-D5-NJ,Gi3/0/2,Gi4/0/0,FO,DIRECT CORE,,,,,,,DIRECT CORE,,,,,,
ME2-D5-JG,ME-D5-NJ,Gi4/0/3,Gi4/0/4,FO,DIRECT CORE,,,,,,,DIRECT CORE,,,,,,
ME-D5-CME,ME5-D5-KBL,Gi5/0/0,Gi1/0/2,FO,DIRECT CORE,,,,,,,DIRECT CORE,,,,,,
ME-D5-CME,ME5-D5-KBL,GE2/1/0,GE-1/0/4,FO,DIRECT CORE,,,,,,,DIRECT CORE,,,,,,
ME-D5-CME,ME5-D5-KBL,GE1/1/0,GE-1/0/3,FO,DIRECT CORE,,,,,,,DIRECT CORE,,,,,,
ME-D5-CME,ME-D5-LMG,GE5/1/0,GE4/2/1,FO,DIRECT CORE,,,,,,,DIRECT CORE,,,,,,
ME-D5-CME,ME-D5-LMG,GE-4/0/0,GE-1/1,FO,DIRECT CORE,,,,,,,DIRECT CORE,,,,,,
ME-D5-BBA,ME-D5-LMG,Gi1/0/0,GE1/1/0,FO,DIRECT CORE,,,,,,,DIRECT CORE,,,,,,
ME-D5-BBA,ME-D5-LMG,Gi2/1/0,GE4/0/0,FO,DIRECT CORE,,,,,,,DIRECT CORE,,,,,,
ME-D5-PAD,ME2-D5-NW,GE-1/1/0,GE-2/0/0,FO,DIRECT CORE,,,,,,,DIRECT CORE,,,,,,
ME-D5-PAD,ME2-D5-NW,GE-2/0/0,GE-3/0/0,FO,DIRECT CORE,,,,,,,DIRECT CORE,,,,,,
ME-D5-PAD,ME2-D5-BJ,GE-1/0/0,GE-2/0/4,FO,DIRECT CORE,,,,,,,DIRECT CORE,,,,,,
ME-D5-PAD,ME2-D5-BJ,GE-2/1/0,GE-1/0/2,FO,DIRECT CORE,,,,,,,DIRECT CORE,,,,,,
ME2-D5-KLJ,ME2-D5-BLB,Gi3/0/3,Gi3/0/2,FO,DIRECT CORE,,,,,,,DIRECT CORE,,,,,,
ME2-D5-KLJ,ME2-D5-BLB,Gi4/0/3,Gi4/0/3,FO,DIRECT CORE,,,,,,,DIRECT CORE,,,,,,
ME2-D5-KLJ,ME2-D5-ML0,Gi4/0/0,Gi1/0/0,FO,DIRECT CORE,,,,,,,DIRECT CORE,,,,,,
ME2-D5-KLJ,ME2-D5-ML0,GE3/0/2,Gi 2/2/3,FO,DIRECT CORE,,,,,,,DIRECT CORE,,,,,,
ME-D5-GDI,ME2-D5-ML0,GE-3/0/3,GE-2/0/0,FO,DIRECT CORE,,,,,,,DIRECT CORE,,,,,,
ME-D5-GDI,ME2-D5-ML0,GE-3/0/4,GE-1/2/3,FO,DIRECT CORE,,,,,,,DIRECT CORE,,,,,,
ME-D5-GDI,ME2-D5-ML0,GE2/0/0,GE2/2/4,FO,DIRECT CORE,,,,,,,DIRECT CORE,,,,,,
ME2-D5-GDI,ME2-D5-KPN,GE-4/0/0,GE-3/0/2,FO,DIRECT CORE,,,,,,,DIRECT CORE,,,,,,
ME2-D5-GDI,ME2-D5-KPN,GE-4/0/1,GE-2/0/0,FO,DIRECT CORE,,,,,,,DIRECT CORE,,,,,,
ME2-D5-GDI,ME2-D5-KPN,GE-4/0/3,GE-2/0/2,FO,DIRECT CORE,,,,,,,DIRECT CORE,,,,,,
ME-D5-TBN,ME-D5-UBN,GE-1/0/0,GE-1/0/0,FO,DIRECT CORE,,,,,,,DIRECT CORE,,,,,,
ME-D5-TBN,ME-D5-UBN,GE-6/0/4,GE-1/0/1,FO,DIRECT CORE,,,,,,,DIRECT CORE,,,,,,
ME-D5-TBN,ME-D5-UBU,GE-2/0/0,GE-2/0/0,FO,DIRECT CORE,,,,,,,DIRECT CORE,,,,,,
ME-D5-TBN,ME-D5-UBU,GE-6/0/2,GE-4/0/0,FO,DIRECT CORE,,,,,,,DIRECT CORE,,,,,,
ME6-D5-RKT,ME2-D5-WR,GE4/0/3  ,GE4/0/0,FO,DIRECT CORE,,,,,,,DIRECT CORE,,,,,,
ME6-D5-RKT,ME2-D5-WR,GE5/0/0,GE7/0/0,FO,DIRECT CORE,,,,,,,DIRECT CORE,,,,,,
ME6-D5-RKT,ME2-D5-WR,GE7/1/0,GE3/0/3,FO,DIRECT CORE,,,,,,,DIRECT CORE,,,,,,
ME-D5-TDS,ME2-D5-WR,GE1/2/0,GE3/0/4,FO,DIRECT CORE,,,,,,,DIRECT CORE,,,,,,
ME-D5-TDS,ME2-D5-WR,GE1/2/4,GE3/0/5,FO,DIRECT CORE,,,,,,,DIRECT CORE,,,,,,
ME7-D5-RKT,ME2-D5-SDA,GE3/0/1,GE1/2/4,FO,DIRECT CORE,,,,,,,DIRECT CORE,,,,,,
ME7-D5-RKT,ME2-D5-SDA,GE3/2/4,GE4/0/0,FO,DIRECT CORE,,,,,,,DIRECT CORE,,,,,,
ME7-D5-RKT,ME2-D5-SDA,GE5/0/4,GE1/0/3,FO,DIRECT CORE,,,,,,,DIRECT CORE,,,,,,
ME-D5-DMO,ME4-D5-RKT,GE2/0/0,GE6/0/3,FO,DIRECT CORE,,,,,,,DIRECT CORE,,,,,,
ME-D5-DMO,ME4-D5-RKT,GE2/0/1,GE6/0/4,FO,DIRECT CORE,,,,,,,DIRECT CORE,,,,,,
ME-D5-DMO,ME4-D5-RKT,GE2/0/4,GE8/1/11,FO,DIRECT CORE,,,,,,,DIRECT CORE,,,,,,
ME2-D5-SPJ,ME6-D5-KBL,GE3/0/1,GE3/2/1,FO,DIRECT CORE,,,,,,,DIRECT CORE,,,,,,
ME2-D5-SPJ,ME6-D5-KBL,GE4/0/2,GE3/2/2,FO,DIRECT CORE,,,,,,,DIRECT CORE,,,,,,
ME2-D5-GS,ME5-D5-KBL,GE3/0/2,GE2/0/4,FO,DIRECT CORE,,,,,,,DIRECT CORE,,,,,,
ME2-D5-GS,ME5-D5-KBL,GE4/0/0,GE2/0/2,FO,DIRECT CORE,,,,,,,DIRECT CORE,,,,,,
ME2-D5-GS,ME5-D5-KBL,GE4/0/2,GE2/0/3,FO,DIRECT CORE,,,,,,,DIRECT CORE,,,,,,
ME-D5-TDS,ME5-D5-KBL,GE4/0/0,GE6/1/4,FO,DIRECT CORE,,,,,,,DIRECT CORE,,,,,,
ME-D5-TDS,ME5-D5-KBL,GE4/0/1,GE6/1/5,FO,DIRECT CORE,,,,,,,DIRECT CORE,,,,,,
ME-D5-TDS,ME5-D5-KBL,GE4/0/2,GE1/1/4,FO,DIRECT CORE,,,,,,,DIRECT CORE,,,,,,
ME-D5-TDS,ME5-D5-KBL,GE4/0/3,GE1/1/5,FO,DIRECT CORE,,,,,,,DIRECT CORE,,,,,,
ME-D5-NSD,ME3-D5-GIN,GE8/0/1,GE5/0/4,JDCS,"	NUSA_II
",EOTU10G,,0,1,3,194.000,"	GIN_III
",EOTU10G,,0,1,5,194.000
ME-D5-NSD,ME3-D5-GIN,GE8/0/2,GE5/0/3,JDCS,"	NUSA_II
",OTU10G,,0,2,1,193.000,"	GIN_III
",OTU10G,,0,3,2,193.000
ME-D5-NSD,ME2-D5-BNO,GE4/0/0,GE6/0/0,FO,DIRECT CORE,,,,,,,DIRECT CORE,,,,,,
ME-D5-NSD,ME2-D5-BNO,GE4/1/1,GE4/2/4,FO,DIRECT CORE,,,,,,,DIRECT CORE,,,,,,
ME-D5-NSD,ME-D5-JBR,GE2/0/0,GE2/0/0,FO,DIRECT CORE,,,,,,,DIRECT CORE,,,,,,
ME-D5-NSD,ME-D5-JBR,GE6/1/0,GE3/1/1,FO,DIRECT CORE,,,,,,,DIRECT CORE,,,,,,
ME-D5-KUT,ME-D5-JBR,GE2/0/0,GE1/0/0,FO,DIRECT CORE,,,,,,,DIRECT CORE,,,,,,
ME-D5-SAU,ME2-D5-BNO,GE2/0/0,GE4/2/0,FO,DIRECT CORE,,,,,,,DIRECT CORE,,,,,,
ME-D5-SAU,ME2-D5-BNO,GE3/0/1,GE4/2/2,FO,DIRECT CORE,,,,,,,DIRECT CORE,,,,,,
ME-D5-SAU,ME2-D5-BNO,GE4/0/0,GE4/2/0,FO,DIRECT CORE,,,,,,,DIRECT CORE,,,,,,
ME-D5-SAU,ME2-D5-BNO,GE4/0/4,GE4/0/1,FO,DIRECT CORE,,,,,,,DIRECT CORE,,,,,,
ME3-D5-KLM,ME-D5-KUT,GE6/1/3,GE6/2/3,FO,DIRECT CORE,,,,,,,DIRECT CORE,,,,,,
ME3-D5-KLM,ME-D5-KUT,GE6/1/4,GE1/1/0,FO,DIRECT CORE,,,,,,,DIRECT CORE,,,,,,
ME3-D5-KLM,ME-D5-KUT,GE5/1/5,GE6/0/1,FO,DIRECT CORE,,,,,,,DIRECT CORE,,,,,,
ME3-D5-KLM,ME2-D5-BNO,GE3/0/4,GE4/0/3,FO,DIRECT CORE,,,,,,,DIRECT CORE,,,,,,
ME3-D5-KLM,ME2-D5-BNO,GE3/0/5,GE4/0/4,FO,DIRECT CORE,,,,,,,DIRECT CORE,,,,,,
ME3-D5-KLM,ME3-D5-GIN,GE4/0/2,GE4/0/2,JDCS,"	Kaliasem8212
",SOTU10G,,0,1,24,192.200,"	GIN_II
",OTU10G,,0,1,10,192.200
ME3-D5-KLM,ME3-D5-GIN,GE4/0/3,GE4/0/3,JDCS,"	Kaliasem9229
",SOTU10G,,0,4,8,195.000,"	GIN8249
",SOTU10G,,0,1,23,195.000
ME3-D5-KLM,ME-D5-UBN,GE6/0/3,GE3/2/0,FO,DIRECT CORE,,,,,,,DIRECT CORE,,,,,,
ME3-D5-KLM,ME-D5-UBN,GE6/0/4,GE2/0/0,FO,DIRECT CORE,,,,,,,DIRECT CORE,,,,,,
ME3-D5-KLM,ME-D5-UBN,GE6/0/5,GE1/0/2,FO,DIRECT CORE,,,,,,,DIRECT CORE,,,,,,
ME-D5-GIN,ME-D5-SAU,GE1/0/0,GE1/0/0,FO,DIRECT CORE,,,,,,,DIRECT CORE,,,,,,
ME-D5-GIN,ME-D5-SAU,GE3/1/1,GE6/1/4,FO,DIRECT CORE,,,,,,,DIRECT CORE,,,,,,
ME-D5-GIN,ME-D5-SAU,GE4/0/4,GE6/1/1,FO,DIRECT CORE,,,,,,,DIRECT CORE,,,,,,
ME-D5-GIN,ME-D5-SAU,GE7/2/1,GE4/0/3,FO,DIRECT CORE,,,,,,,DIRECT CORE,,,,,,
ME-D5-GIN,ME-D5-SAU,GE4/1/0,GE1/1/0,FO,DIRECT CORE,,,,,,,DIRECT CORE,,,,,,
ME-D5-GIN,ME-D5-SGR,GE1/1/3,GE6/0/3,JDCS,"	GIN_II
",EOTU10G,,0,2,13,192.900,"	SGR_II
",EOTU10G,,0,1,6,192.900
ME-D5-GIN,ME-D5-SGR,GE7/2/4,GE6/0/0,JDCS,"	GIN
",OTU10G,,0,1,8,192.500,"	SGR
",OTU10G,,0,3,5,192.500
ME-D5-GIN,ME-D5-UBU,GE1/1/2,GE1/0/0,FO,DIRECT CORE,,,,,,,DIRECT CORE,,,,,,
ME-D5-GIN,ME-D5-UBU,GE7/2/2,GE4/0/1,FO,DIRECT CORE,,,,,,,DIRECT CORE,,,,,,
ME5-D5-KBL,ME-D5-KNN,GE16/1/1,GE4/0/2,FO,DIRECT CORE,,,,,,,DIRECT CORE,,,,,,
ME5-D5-KBL,ME-D5-KNN,GE16/1/3,GE4/0/0,FO,DIRECT CORE,,,,,,,DIRECT CORE,,,,,,
,,,,,,,,,,,,,,,,,,
ME-D6-BPP,ME-D6-BAM,1/1/1,3/1/1,FO,DIRECT CORE,,,,,,,DIRECT CORE,,,,,,
ME-D6-BPP,ME-D6-BAM,4/1/1,4/1/2,FO,DIRECT CORE,,,,,,,DIRECT CORE,,,,,,
ME-D6-BPP,ME3-D6-BPP,2/1/1,1/1/1,FO,DIRECT CORE,,,,,,,DIRECT CORE,,,,,,
ME-D6-BPP,ME3-D6-BPP,3/2/1,5/1/3,FO,DIRECT CORE,,,,,,,DIRECT CORE,,,,,,
ME-D6-BPP,ME3-D6-BPP,2/1/3,7/2/2,FO,DIRECT CORE,,,,,,,DIRECT CORE,,,,,,
ME-D6-BPP,ME3-D6-BPP,3/2/1,5/1/3,FO,DIRECT CORE,,,,,,,DIRECT CORE,,,,,,
ME-D6-BAM,ME3-D6-BAM,3/1/2,1/1/1,FO,DIRECT CORE,,,,,,,DIRECT CORE,,,,,,
ME-D6-BAM,ME-D6-BJM,5/1/4,4/1/5,KALSUL ALU,BAM PSS-36,,,,2,1,,TGT PSS-36,,,,2,1,
,,,,KALSUL ALU,TGT PSS-32,,,,11,1,,ULN PSS-32,,,,15,1,
ME3-D6-BAM,ME3-D6-BPP,1/1/2,1/1/2,FO,DIRECT CORE,,,,,,,DIRECT CORE,,,,,,
ME3-D6-BAM,ME3-D6-BPP,8/1/1,1/2/2,FO,DIRECT CORE,,,,,,,DIRECT CORE,,,,,,
ME3-D6-BPP,ME-D6-SMR,1/2/1,5/2/1,KALSUL ALU,BAM PSS-36,,,,3,4,,SMD PSS36,,,,2,4,
,,,,FO,BAM DIRECT CORE,,,,,,,BPP DIRECT CORE,,,,,,
ME3-D6-BPP,ME-D6-SMR,2/1/2,1/1/1,KALSUL ALU,BPP PSS-36,,,,4,1, ,SMR PSS-36,,,,3,1, 
ME3-D6-BPP,ME-D6-SMR,5/1/2,3/1/3,KALSUL ALU,BPP TRBD,,,2,1,3,"193,150",SMD TRBD,,,2,1,3,"193,150"
,,,,FO,BAM DIRECT CORE,,,,,,,BPP DIRECT CORE,,,,,,
ME3-D6-BPP,ME-D6-SMR,7/1/1,1/1/2,KALSUL ALU,BAM PSS36,,,,3,1,,SMD PSS36,,,,2,1,
,,,,FO,BAM DIRECT CORE,,,,,,,BPP DIRECT CORE,,,,,,
ME-D6-SMD,ME-D6-SGT,3/1/5,2/1/1,KALSUL ALU,SMD PSS36,,,,2,3,,SGT PSS36,,,,3,1,
ME-D6-SMD,ME-D6-SGT,3/1/2,2/2/1,KALSUL ALU,SMD PSS36,,,,2,2,,SGT PSS36,,,,3,2,
ME-D6-SGT,ME2-D6-ULN,3/1/1,2/1/3,KALSUL ALU,SAA TRBD,,,1,1,16,"193,150",SMR TRBD,,,1,2,18,"193,150"
,,,,KALSUL ALU,SMR TRBD,,,1,2,5,"192,950",BAM TRBD,,,1,2,16,"192,950"
,,,,KALSUL ALU,BAM TRBD,,,1,2,7,"192,950",LBK TRBD,,,1,2,14,"192,950"
,,,,KALSUL ALU,LBK TRBD,,,1,2,16,"192,950",BJMU TRBD,,,1,2,16,"192,950"
,,,, ,,,,,,,,,,,,,,
ME-D6-SGT,ME2-D6-ULN,3/1/1,2/1/3,KALSUL ALU,SGT PSS36,,,,2,4,,PTR PSS64,,,2,9,,
,,,,SKKL SUB 100G,PTR ,,,,,,1038.C3,BJMC,,,,,1038.C3,
ME2-D6-ULN,ME3-D6-ULN,1/1/5,1/2/1,FO,DIRECT CORE,,,,,,,DIRECT CORE,,,,,,
ME2-D6-ULN,ME3-D6-ULN,3/1/2,1/1/2,FO,DIRECT CORE,,,,,,,DIRECT CORE,,,,,,
ME2-D6-ULN,ME3-D6-ULN,3/2/2,2/1/2,FO,DIRECT CORE,,,,,,,DIRECT CORE,,,,,,
ME2-D6-ULN,ME3-D6-ULN,5/2/2,4/1/3,FO,DIRECT CORE,,,,,,,DIRECT CORE,,,,,,
ME3-D6-ULN,ME-D6-BJM,2/1/1,2/1/2,FO,DIRECT CORE,,,,,,,DIRECT CORE,,,,,,
ME3-D6-ULN,ME-D6-BJM,3/2/1,5/1/4,FO,DIRECT CORE,,,,,,,DIRECT CORE,,,,,,
ME3-D6-ULN,ME-D6-BJM,5/1/1,3/1/5,FO,DIRECT CORE,,,,,,,DIRECT CORE,,,,,,
ME3-D6-ULN,ME-D6-BJM,5/1/2,4/2/4,FO,DIRECT CORE,,,,,,,DIRECT CORE,,,,,,
ME-D6-BJM,ME-D6-PLK,3/1/1,1/1/1,KALSUL ALU,BJM TRBD,,,2,1,12,"193,050",PLK TRBD,,,1,2,18,"193,050"
ME-D6-PLK,ME-D6-SMPT,1/1/2,2/2/2,KALSUL ALU,PLK TRBD,,,,,,"193,050",SMPT TRBD,,,,,,"193,050"
ME-D6-PLK,ME-D6-PBNU,,,KALSUL ALU,PLK TRBD,,,1,2,18,"193,050",SMPT TRBD,,,1,2,4,"193,050"
,,,,KALSUL ALU,SMPT TRBD,,,1,2,18,"193,050",PBNU TRBD,,,1,1,17,"193,050"
ME-D6-SMPT,ME-D6-PBNU,3/2/2,2/2/2,KALSUL ALU,SMPT TRBD,,,,,,"193,050",PBUN TRBD,,,,,,"193,050"
ME-D6-SMPT,ME-D6-PRIT,2/2/1,3/1/1,FO,DIRECT CORE,,,,,,,DIRECT CORE,,,,,,
ME3-D6-BJM,ME3-D6-ULN,1/2/1,1/1/1,FO,DIRECT CORE,,,,,,,DIRECT CORE,,,,,,
ME3-D6-BJM,ME3-D6-ULN,4/1/1,4/1/1,FO,DIRECT CORE,,,,,,,DIRECT CORE,,,,,,
ME3-D6-BJM,ME3-D6-ULN,5/1/3,4/1/5,FO,DIRECT CORE,,,,,,,DIRECT CORE,,,,,,
ME3-D6-BJM,ME3-D6-PBUN,2/1/1,2/2/1,KALSUL ALU,BJM TRBD,,,2,1,13,"192,950",PLK TRBD,,,1,2,4,"192,950"
,,,,KALSUL ALU,PLK TRBD,,,1,2,17,"192,950",SMP TRBD,,,1,2,5,"192,950"
,,,,KALSUL ALU,SMP TRBD,,,1,2,17,"192,950",PBN TRBD,,,1,1,10,"192,950"
ME3-D6-BJM,ME3-D6-PBUN,2/1/1,2/1/1,KALSUL ALU,BJM TRBD,,,2,1,13,"192,950",PLK TRBD,,,1,2,4,"192,950"
,,,,KALSUL ALU,PLK TRBD,,,1,2,4,"192,950",SMP TRBD,,,1,2,5,"192,950"
,,,,KALSUL ALU,SMP TRBD,,,1,2,17,"192,950",PBNU TRBD,,,1,2,17,"192,950"
ME-D6-SKK,ME-D6-PTK,2/1/1,1/2/1,FO,DIRECT CORE,,,,,,,DIRECT CORE,,,,,,
ME-D6-SKK,ME-D6-PTK,5/1/1,2/2/5,FO,DIRECT CORE,,,,,,,DIRECT CORE,,,,,,
,,,,,,,,,,,,,,,,,,
ME-D7-MAT,ME3-D7-BAL,6/0/2,3/0/1,FO,DIRECT CORE,,,,,,,DIRECT CORE,,,,,,
ME-D7-MAT,ME3-D7-BAL,4/1/0,3/0/2,FO,DIRECT CORE,,,,,,,DIRECT CORE,,,,,,
ME-D7-MAT,ME3-D7-BAL,1/0/0,3/0/4,FO,DIRECT CORE,,,,,,,DIRECT CORE,,,,,,
ME-D7-SNS,ME-D7-MAT,2/0/0,1/0/0,FO,DIRECT CORE,,,,,,,DIRECT CORE,,,,,,
ME-D7-SNS,ME-D7-MAT,7/0/3,6/0/0,FO,DIRECT CORE,,,,,,,DIRECT CORE,,,,,,
ME-D7-ANT ,ME-D7-SNS,2/0/0,1/0/0,FO,DIRECT CORE,,,,,,,DIRECT CORE,,,,,,
ME-D7-ANT ,ME-D7-SNS,3/0/0,7/0/5,FO,DIRECT CORE,,,,,,,DIRECT CORE,,,,,,
ME-D7-TMA,ME-D7-ANT,2/0/0,1/0/0,FO,DIRECT CORE,,,,,,,DIRECT CORE,,,,,,
ME-D7-TMA,ME-D7-ANT,3/0/4,3/1/0,FO,DIRECT CORE,,,,,,,DIRECT CORE,,,,,,
ME-D7-KIM,ME-D7-TMA,1/1/0,3/0/0,FO,DIRECT CORE,,,,,,,DIRECT CORE,,,,,,
ME-D7-KIM,ME-D7-TMA,2/0/2,3/0/3,FO,DIRECT CORE,,,,,,,DIRECT CORE,,,,,,
ME-D7-SUD,ME-D7-KIM,3/0/1,2/0/3,FO,DIRECT CORE,,,,,,,DIRECT CORE,,,,,,
ME-D7-SUD,ME-D7-KIM,3/0/2,1/0/0,FO,DIRECT CORE,,,,,,,DIRECT CORE,,,,,,
ME-D7-PAN, ME-D7-SUD,2/0/0,3/0/0,FO,DIRECT CORE,,,,,,,DIRECT CORE,,,,,,
ME-D7-PAN, ME-D7-SUD,6/2/1,6/0/0,FO,DIRECT CORE,,,,,,,DIRECT CORE,,,,,,
ME3-D7-PTR,ME-D7-PAN,3/0/5,6/0/2,FO,DIRECT CORE,,,,,,,DIRECT CORE,,,,,,
ME3-D7-PTR,ME-D7-PAN,5/0/5,6/2/3,FO,DIRECT CORE,,,,,,,DIRECT CORE,,,,,,
ME3-D7-PTR,ME-D7-PAN,6/0/5,6/2/4,FO,DIRECT CORE,,,,,,,DIRECT CORE,,,,,,
ME3-D7-PTR,ME-D7-PAN,8/0/0,1/0/0,FO,DIRECT CORE,,,,,,,DIRECT CORE,,,,,,
ME3-D7-BAL,ME3-D7-PTR ,3/0/5,8/0/4,KALSUL ALU,BAL PSS-64,,,,2,8,,PTR PSS-64,,,,7,5,
ME3-D7-BAL,ME3-D7-PTR ,4/0/0,4/0/0,KALSUL ALU,BAL PSS-64,,,,4,2,,PTR PSS-64,,,,,,
ME3-D7-BAL,ME3-D7-PTR ,4/0/2,4/0/2,FO,DIRECT CORE,,,,,,,DIRECT CORE,,,,,,
ME3-D7-BAL,ME3-D7-PTR ,5/0/4,5/0/4,FO,DIRECT CORE,,,,,,,DIRECT CORE,,,,,,
ME-D7-BAL,ME-D7-PTR,5/0/0,1/0/1,FO,DIRECT CORE,,,,,,,DIRECT CORE,,,,,,
ME-D7-BAL,ME-D7-PTR,5/0/1,3/0/1,FO,DIRECT CORE,,,,,,,DIRECT CORE,,,,,,
ME-D7-BAL,ME-D7-PTR,5/0/2,4/1/1,FO,DIRECT CORE,,,,,,,DIRECT CORE,,,,,,
ME-D7-BAL,ME-D7-PTR,5/2/0,7/2/3,FO,DIRECT CORE,,,,,,,DIRECT CORE,,,,,,
ME3-D7-BAL,ME-D7-PSO,6/0/5,2/0/0,KALSUL ALU,BAL PSS-64,,,,2,8,,PSO PSS-36,,,,2,1,
ME-D7-PSO,ME-D7-LWK,2/0/1,2/0/0,KALSUL ALU,PSO PSS-36,,,,2,2,,LWK PSS-36,,,,2,2,
ME-D7-LWK,ME-D7-GTL,2/0/4,2/0/1,KALSUL ALU,LWK PPS36,,,,2,2,,MDO PSS 36,,,,3,2,
,,,,KALSUL ALU,MDO TRBD  ,,,1,1,18,"193,350",OMPU TRBD,,,3,1,12,"193,350"
,,,,KALSUL ALU,OMPU TRBD,,,3,1,7,"192,550",GTL TRBD,,,1,2,16,"192,550"
ME-D7-GTL,ME-D7-PAL,2/0/3,3/0/4,KALSUL ALU,PAL PSS-36,,,,2,1,,ISIMU,,,,2,3,
,,,,KALSUL ALU,ISMU TRBD,,,1,1,16,"193,350",GTL TRBD,,,1,1,18,"193,350"
ME-D7-PAL,ME3-D7-PTR,1/1/0,3/0/3,KALSUL ALU,PAL PSS-36,,,,2,4,,PTR PSS-64,,,,3,3,
ME-D7-PAL,ME3-D7-PTR,7/0/4,6/0/0,KALSUL ALU,PAL PSS-36,,,,2,2,,PTR PSS-64,,,,7,3,
ME-D7-PAL,ME3-D7-PTR,3/0/0,8/0/4,KALSUL ALU,PAL PSS-36,,,,2,8,,PTR PSS-64,,,,3,8,
ME-D7-PTR,ME-D7-KDR,7/0/2,2/0/2,KALSUL ALU,PTR PSS-64,,,,6,4,,KDR PSS-36,,,,2,4,
ME-D7-PTR,ME-D7-KDR,1/0/3,3/0/2,KALSUL ALU,PTR PSS-64,,,,5,4,,KDR PSS-36,,,,4,2,
ME-D7-KDR,ME-D7-BAL,2/0/4,5/2/1,KALSUL ALU,KDR PSS-36,,,,3,1,,BAL PSS-64,,,,2,5,
ME-D7-KDR,ME-D7-BAL,3/0/5,6/1/0,KALSUL ALU,KDR PSS-36,,,,3,2,,BAL PSS-64,,,,5,1,
ME-D7-PLP,ME-D7-PTR,2/0/0,4/1/0,KALSUL ALU,PLP PSS-36,,,,2,1,,PTR PSS-64,,,,2,10,
ME-D7-MAM,ME3-D7-BAL,2/0/0,6/0/4,KALSUL ALU,MAM PSS-36,,,,3,1,,BAL PSS-64,,,,7,6,
ME3-D7-PTR,ME-D7-PRE,3/0/0,3/0/1,KALSUL ALU,PTR PSS-64,,,,2,4,,PRE PSS-36,,,,2,1,
ME3-D7-PTR,ME-D7-PRE,4/0/0,6/0/2,KALSUL ALU,PTR PSS-64,,,,6,1,,PRE PSS-36,,,,2,4,
ME3-D7-PTR,ME-D7-TKA,8/0/2,1/1/0,FO,DIRECT CORE,,,,,,,DIRECT CORE,,,,,,
ME-D7-PTR,ME-D7-PLP,4/1/0,2/0/0,KALSUL ALU,PTR PSS-64,,,,2,10,,PLP PSS-64,,,,2,10,
ME-D7-PTR,ME-D7-WTP,Gi7/0/4,Gi2/0/0,KALSUL ALU,PTR PSS-64,,,,3,6,,WTP PSS-36,,,,2,1,
